Date,Price,Open,High,Low,Vol.,Change %
"Mar 18, 2022",0.009937000460922718,0.00970499962568283,0.01155299972742796,0.00970499962568283,302479,
"Mar 19, 2022",0.008747999556362629,0.009937000460922718,0.009998999536037445,0.008678000420331955,117482,-11.965390453948743
"Mar 20, 2022",0.008341999724507332,0.008747999556362629,0.008775999769568443,0.0082609998062253,55250,-4.641059127169289
"Mar 21, 2022",0.008964000269770622,0.008341999724507332,0.00922400038689375,0.008143999613821507,41834,7.456252287277865
"Mar 22, 2022",0.008852999657392502,0.008964000269770622,0.009223000146448612,0.008799999952316284,39925,-1.2382932735114816
"Mar 23, 2022",0.008778000250458717,0.008852999657392502,0.008895999751985073,0.008515999652445316,25432,-0.8471637844372659
"Mar 24, 2022",0.008824000135064125,0.008778000250458717,0.00892999954521656,0.008677000179886818,17634,0.5240360366018937
"Mar 25, 2022",0.008390000090003014,0.008824000135064125,0.008848999626934528,0.008390000090003014,11424,-4.918404787149944
"Mar 26, 2022",0.008267000317573547,0.008390000090003014,0.008472000248730183,0.00814799964427948,11478,-1.466028261144181
"Mar 27, 2022",0.008589000441133976,0.008267000317573547,0.008604999631643295,0.008206999860703945,11503,3.8950055786974858
"Mar 28, 2022",0.008433000184595585,0.008589000441133976,0.008723000064492226,0.008433000184595585,8916,-1.8162795264427212
"Mar 29, 2022",0.008608000352978706,0.008433000184595585,0.008712000213563442,0.008433000184595585,5179,2.075182788478891
"Mar 30, 2022",0.00928799994289875,0.008608000352978706,0.009417000226676464,0.008442999795079231,14326,7.899623164917013
"Mar 31, 2022",0.009000999853014946,0.00928799994289875,0.009492999874055386,0.00891099963337183,15096,-3.0900096000025634
"Apr 01, 2022",0.009727999567985535,0.009000999853014946,0.00976100005209446,0.008697999641299248,12642,8.076877311880803
"Apr 02, 2022",0.00964299961924553,0.009727999567985535,0.009963000193238258,0.00964299961924553,11925,-0.8737659592393143
"Apr 03, 2022",0.009800000116229057,0.00964299961924553,0.009917999617755413,0.009519999846816063,5991,1.6281292459058738
"Apr 04, 2022",0.009867999702692032,0.009800000116229057,0.00991899985820055,0.00953300017863512,6351,0.6938733230254401
"Apr 05, 2022",0.009801999665796757,0.009867999702692032,0.010192000307142735,0.009801999665796757,7626,-0.6688289307231088
"Apr 06, 2022",0.008818999864161015,0.009801999665796757,0.009820000268518925,0.008767999708652496,13584,-10.02856391707333
"Apr 07, 2022",0.00897200033068657,0.008818999864161015,0.00901699997484684,0.008748999796807766,13253,1.7348958938906867
"Apr 08, 2022",0.008163000456988811,0.00897200033068657,0.00910400040447712,0.00813599955290556,19369,-9.016939855995865
"Apr 09, 2022",0.008181000128388405,0.008163000456988811,0.008395000360906124,0.008097000420093536,24107,0.22050312865269373
"Apr 10, 2022",0.00792699959129095,0.008181000128388405,0.008229999803006649,0.00786999985575676,15189,-3.1047614363928666
"Apr 11, 2022",0.006779000163078308,0.00792699959129095,0.007929000072181225,0.006769999861717224,19737,-14.48214314876337
"Apr 12, 2022",0.007102999836206436,0.006779000163078308,0.007230000104755163,0.006779000163078308,13811,4.779461061127943
"Apr 13, 2022",0.007319999858736992,0.007102999836206436,0.007350999861955643,0.007060000207275152,1307,3.055047550816936
"Apr 14, 2022",0.0070489998906850815,0.007319999858736992,0.007385999895632267,0.007021999917924404,1599,-3.7021854273460275
"Apr 15, 2022",0.007002000231295824,0.0070489998906850815,0.007168999873101711,0.006982999853789806,2817,-0.6667564210259824
"Apr 16, 2022",0.007013999857008457,0.007002000231295824,0.007073999848216772,0.006899999920278788,2981,0.17137425473081613
"Apr 17, 2022",0.006401999853551388,0.007013999857008457,0.007040000054985285,0.006393999792635441,8103,-8.725406557366167
"Apr 18, 2022",0.0064929998479783535,0.006401999853551388,0.006510999985039234,0.006144999992102385,8129,1.4214307483385147
"Apr 19, 2022",0.006268000230193138,0.0064929998479783535,0.006568000186234713,0.00622300012037158,5144,-3.465264485648656
"Apr 20, 2022",0.006252999883145094,0.006268000230193138,0.006424000021070242,0.006202999968081713,5763,-0.23931631297310352
"Apr 21, 2022",0.0060350000858306885,0.006252999883145094,0.006393000017851591,0.0059710000641644,3410,-3.4863233869877663
"Apr 22, 2022",0.005954999942332506,0.0060350000858306885,0.006107000168412924,0.005905999802052975,3165,-1.3256030217134729
"Apr 23, 2022",0.005799999926239252,0.005954999942332506,0.00598399993032217,0.005799000151455402,2477,-2.60285503936617
"Apr 24, 2022",0.005770999938249588,0.005799999926239252,0.005905000027269125,0.005766000133007765,2472,-0.49999979928392335
"Apr 25, 2022",0.005809000227600336,0.005770999938249588,0.005828999914228916,0.005535999778658152,2475,0.6584697584015808
"Apr 26, 2022",0.005491999909281731,0.005809000227600336,0.0058639999479055405,0.005429000128060579,2678,-5.457054672031858
"Apr 27, 2022",0.005553000140935183,0.005491999909281731,0.005625999998301268,0.00547399977222085,3364,1.1107107185191145
"Apr 28, 2022",0.005874999798834324,0.005553000140935183,0.005882999859750271,0.005553000140935183,3288,5.798661079178591
"Apr 29, 2022",0.00572500005364418,0.005874999798834324,0.005921000149101019,0.005673000123351812,2732,-2.553187239596255
"Apr 30, 2022",0.005468000192195177,0.00572500005364418,0.005849000066518784,0.00545499986037612,1781,-4.489080507264154
"May 01, 2022",0.005704000126570463,0.005468000192195177,0.005723999813199043,0.005431999918073416,2438,4.316019130945592
"May 02, 2022",0.00571299996227026,0.005704000126570463,0.005752999801188707,0.0055959997698664665,3322,0.15778112728073168
"May 03, 2022",0.005663999821990728,0.00571299996227026,0.005766000133007765,0.005617000162601471,2719,-0.8576954420293714
"May 04, 2022",0.006060999818146229,0.005663999821990728,0.00609100004658103,0.005657999776303768,3168,7.009180943370286
"May 05, 2022",0.005795999895781279,0.006060999818146229,0.006227999925613403,0.005677000153809786,3607,-4.37221465626113
"May 06, 2022",0.005853999871760607,0.005795999895781279,0.0059079998172819614,0.0056570000015199184,3746,1.0006897346831245
"May 07, 2022",0.005696999840438366,0.005853999871760607,0.005917999893426895,0.005615999922156334,2662,-2.6819274814063654
"May 08, 2022",0.005665999837219715,0.005696999840438366,0.005766000133007765,0.005549999885261059,4687,-0.5441461135141212
"May 09, 2022",0.004786000121384859,0.005665999837219715,0.0057390001602470875,0.004786000121384859,3828,-15.531234400223148
"May 10, 2022",0.0050849998369812965,0.004784000106155872,0.005311999935656786,0.004614999983459711,1307,6.247382114773536
"May 11, 2022",0.004220000002533197,0.0050849998369812965,0.005133000202476978,0.004137000069022179,2299,-17.01081341551439
"May 12, 2022",0.003777999896556139,0.004220000002533197,0.004358000122010708,0.003157000057399273,8610,-10.473936154306463
"May 13, 2022",0.004042999818921089,0.003777999896556139,0.004335000179708004,0.0037219999358057976,8880,7.01429141399692
"May 14, 2022",0.003573999973013997,0.004042999818921089,0.004157999996095896,0.003333000000566244,11114,-11.600293517506245
"May 15, 2022",0.0037189999129623175,0.003573999973013997,0.0037440001033246517,0.0034390001092106104,10358,4.0570772535859945
"May 16, 2022",0.00343300006352365,0.0037189999129623175,0.003739000065252185,0.0033829999156296253,2215,-7.690235443185534
"May 17, 2022",0.003567999927327037,0.00343300006352365,0.003585000056773424,0.0034280000254511833,2329,3.9324165833199087
"May 18, 2022",0.0033950000070035458,0.003567999927327037,0.003593999892473221,0.0033950000070035458,1870,-4.848652574191437
"May 19, 2022",0.0036440000403672457,0.0033950000070035458,0.0036440000403672457,0.003389999968931079,1997,7.334316136967245
"May 20, 2022",0.003558000084012747,0.0036440000403672457,0.0037169998977333307,0.003476999932900071,368,-2.360042683913688
"May 21, 2022",0.0036120000295341015,0.003558000084012747,0.003640000009909272,0.0035230000503361225,1592,1.517705009732695
"May 22, 2022",0.003700000001117587,0.0036120000295341015,0.0037430000957101583,0.0036069999914616346,1647,2.4363225599097316
"May 23, 2022",0.0036730000283569098,0.003700000001117587,0.0039090001955628395,0.003667999990284443,584,-0.7297289933114071
"May 24, 2022",0.003819999983534217,0.0036730000283569098,0.003837999887764454,0.003648000070825219,622,4.002176804857438
"May 25, 2022",0.003788999980315566,0.003819999983534217,0.003924999851733446,0.0037720000836998224,428,-0.811518412363188
"May 26, 2022",0.0035780000034719706,0.003788999980315566,0.0038479999639093876,0.003493000054731965,550,-5.568751067294075
"May 27, 2022",0.003495000069960952,0.0035780000034719706,0.0035840000491589308,0.003381999908015132,890,-2.3197298331603777
"May 28, 2022",0.003593999892473221,0.003496000077575445,0.0036039999686181545,0.003456000005826354,762,2.832612890716635
"May 29, 2022",0.0035280000884085894,0.003593999892473221,0.003593999892473221,0.003464000066742301,404,-1.836388593189786
"May 30, 2022",0.0036780000664293766,0.0035280000884085894,0.0037140001077204943,0.0035260000731796026,1124,4.2516999507346664
"May 31, 2022",0.003647000063210726,0.0036780000664293766,0.0037040000315755606,0.0035810000263154507,1324,-0.8428494469481018
"Jun 01, 2022",0.003415999934077263,0.003647000063210726,0.00367900007404387,0.0033970000222325325,554,-6.333976559630116
"Jun 02, 2022",0.0035200000274926424,0.003415999934077263,0.0035359999164938927,0.003389999968931079,204,3.044499280515134
"Jun 03, 2022",0.00342399999499321,0.0035200000274926424,0.003544999985024333,0.0033599999733269215,707,-2.727273629250937
"Jun 04, 2022",0.0034650000743567944,0.00342399999499321,0.003484999993816018,0.0033909999765455723,910,1.1974322261547155
"Jun 05, 2022",0.0034519999753683805,0.0034650000743567944,0.003484999993816018,0.0033839999232441187,375,-0.37518322393764736
"Jun 06, 2022",0.003378000110387802,0.0034519999753683805,0.0035830000415444374,0.003338000038638711,434,-2.1436809243511545
"Jun 07, 2022",0.0033100000582635403,0.003378000110387802,0.003392999991774559,0.0031510000117123127,1177,-2.013026936119766
"Jun 08, 2022",0.0032709999941289425,0.0033100000582635403,0.0033549999352544546,0.003244000021368265,1105,-1.1782496510002405
"Jun 09, 2022",0.003286000108346343,0.0032709999941289425,0.0033279999624937773,0.0032500000670552254,435,0.45857885185949243
"Jun 10, 2022",0.003237999975681305,0.003286000108346343,0.003386999946087599,0.0032289999071508646,643,-1.460746533243229
"Jun 11, 2022",0.0030320000369101763,0.003237999975681305,0.0032760000322014093,0.002983999904245138,885,-6.361949978946013
"Jun 12, 2022",0.0028750000055879354,0.0030320000369101763,0.003065000055357814,0.0028210000600665808,553,-5.178101233871857
"Jun 13, 2022",0.0024800000246614218,0.0028750000055879354,0.002882000058889389,0.002423000056296587,176,-13.739129744653212
"Jun 14, 2022",0.0025019999593496323,0.0024800000246614218,0.002583000110462308,0.0022899999748915434,169,0.8870941318322778
"Jun 15, 2022",0.0026209999341517687,0.0025019999593496323,0.002635000040754676,0.0022430000826716423,381,4.756194114130574
"Jun 16, 2022",0.002366000087931752,0.0026209999341517687,0.0026700000744313,0.0023529999889433384,865,-9.729105403527672
"Jun 17, 2022",0.0024470000062137842,0.002366000087931752,0.0025100000202655792,0.0023620000574737787,578,3.4234959962676337
"Jun 18, 2022",0.002220999915152788,0.0024470000062137842,0.002486000070348382,0.002076999982818961,293,-9.235802635353629
"Jun 19, 2022",0.0024309998843818903,0.002220999915152788,0.0024530000519007444,0.0021510000806301832,141,9.455199335955665
"Jun 20, 2022",0.002440999960526824,0.0024309998843818903,0.0024560000747442245,0.0023479999508708715,172,0.4113565043412759
"Jun 21, 2022",0.0023640000727027655,0.002440999960526824,0.002563999965786934,0.0023529999889433384,2246,-3.154440355150201
"Jun 22, 2022",0.002309999894350767,0.0023640000727027655,0.0023759999312460423,0.00227600010111928,2247,-2.284271433640861
"Jun 23, 2022",0.0024659999180585146,0.002309999894350767,0.002471999963745475,0.002302000066265464,242,6.753248088420016
"Jun 24, 2022",0.0025949999690055847,0.0024659999180585146,0.0026100000832229853,0.0024560000747442245,82,5.2311457921147
"Jun 25, 2022",0.0025510000996291637,0.0025949999690055847,0.002598999999463558,0.0024580000899732113,153,-1.695563387358412
"Jun 26, 2022",0.002512000035494566,0.0025510000996291637,0.002626999979838729,0.0025029999669641256,109,-1.5288146848864148
"Jun 27, 2022",0.002495999913662672,0.002512000035494566,0.0025889999233186245,0.0024629998952150345,48,-0.6369475161549398
"Jun 28, 2022",0.002426000079140067,0.002495999913662672,0.002575000049546361,0.00241499999538064,22,-2.8044806467916072
"Jun 29, 2022",0.002339000115171075,0.002426000079140067,0.002452000044286251,0.002303000073879957,287,-3.586148439031822
"Jun 30, 2022",0.002329000039026141,0.002339000115171075,0.0023590000346302986,0.002203000010922551,546,-0.42753636821443175
"Jul 01, 2022",0.0023219999857246876,0.002329000039026141,0.0024170000106096268,0.0022899999748915434,300,-0.3005604630380576
"Jul 02, 2022",0.002343999920412898,0.0023219999857246876,0.0023590000346302986,0.0022819999139755964,124,0.9474562800802167
"Jul 03, 2022",0.0023350000847131014,0.002343999920412898,0.002360000042244792,0.00228899996727705,179,-0.38395204801079386
"Jul 04, 2022",0.0024659999180585146,0.0023350000847131014,0.0024850000627338886,0.0022960000205785036,91,5.610271031810643
"Jul 05, 2022",0.0024840000551193953,0.0024659999180585146,0.0025450000539422035,0.002406999934464693,122,0.7299325895781861
"Jul 06, 2022",0.002566999988630414,0.0024840000551193953,0.0025770000647753477,0.002471999963745475,458,3.341382112289426
"Jul 07, 2022",0.0026370000559836626,0.002566999988630414,0.002684999955818057,0.002529999939724803,1514,2.72692121789202
"Jul 08, 2022",0.002701000077649951,0.0026370000559836626,0.0027089999057352543,0.002589999930933118,2130,2.4270011493198407
"Jul 09, 2022",0.002710999920964241,0.002701000077649951,0.0027520000003278255,0.0026710000820457935,1458,0.3702274352761492
"Jul 10, 2022",0.002644999884068966,0.002710999920964241,0.002724000019952655,0.0026179999113082886,1362,-2.4345274370867753
"Jul 11, 2022",0.002555999904870987,0.002644999884068966,0.002650999929755926,0.0025510000996291637,1571,-3.364838680486626
"Jul 12, 2022",0.0024790000170469284,0.002555999904870987,0.002572000026702881,0.0024790000170469284,1489,-3.0125152852047976
"Jul 13, 2022",0.0026499999221414328,0.0024790000170469284,0.0026499999221414328,0.002469999948516488,3242,6.897938843026119
"Jul 14, 2022",0.0027379998937249184,0.0026499999221414328,0.0027620000764727592,0.002589999930933118,3187,3.320753742225535
"Jul 15, 2022",0.002730000065639615,0.0027379998937249184,0.0027779999654740095,0.002704000100493431,950,-0.29217780846659824
"Jul 16, 2022",0.0028550000861287117,0.002730000065639615,0.002870999975129962,0.002672000089660287,1170,4.578755219180186
"Jul 17, 2022",0.0028510000556707382,0.0028550000861287117,0.002933999989181757,0.002816000021994114,924,-0.14010614141162225
"Jul 18, 2022",0.0031389999203383923,0.0028510000556707382,0.0031389999203383923,0.0028510000556707382,2390,10.101713751103315
"Jul 19, 2022",0.003143999958410859,0.0031389999203383923,0.003218000056222081,0.0030320000369101763,3189,0.1592876138693189
"Jul 20, 2022",0.003000000026077032,0.003143999958410859,0.0031900000758469105,0.0029800001066178083,2190,-4.580150580110443
"Jul 21, 2022",0.00304599991068244,0.003000000026077032,0.00304599991068244,0.002902999985963106,140,1.5333294735186964
"Jul 22, 2022",0.003198999911546707,0.00304899993352592,0.0032079999800771475,0.002991999965161085,3609,5.022981134296511
"Jul 23, 2022",0.0032339999452233315,0.003198999911546707,0.003409000113606453,0.0031479999888688326,5207,1.094092986695383
"Jul 24, 2022",0.0032730000093579292,0.0032339999452233315,0.0033179998863488436,0.0032049999572336674,2365,1.2059389237838891
"Jul 25, 2022",0.0030739998910576105,0.0032730000093579292,0.0032740000169724226,0.0030739998910576105,1920,-6.080052481862264
"Jul 26, 2022",0.0031349998898804188,0.0030739998910576105,0.0031349998898804188,0.0029990000184625387,2338,1.9843851979389981
"Jul 27, 2022",0.003389999968931079,0.0031349998898804188,0.003435000078752637,0.0031139999628067017,15231,8.13397409913106
"Jul 28, 2022",0.0032889998983591795,0.003389999968931079,0.0033990000374615192,0.003157000057399273,16012,-2.979353141520713
"Jul 29, 2022",0.003488000016659498,0.0032889998983591795,0.00356299988925457,0.0032480000518262386,2755,6.050475051689608
"Jul 30, 2022",0.0034280000254511833,0.003488000016659498,0.0035800000187009573,0.003415999934077263,1798,-1.7201832259673422
"Jul 31, 2022",0.003441999899223447,0.0034280000254511833,0.003593999892473221,0.00342399999499321,1702,0.4083977149452078
"Aug 01, 2022",0.0034459999296814203,0.003441999899223447,0.0035210000351071358,0.003381999908015132,1068,0.11621239323325039
"Aug 02, 2022",0.0035490000154823065,0.0034459999296814203,0.0036279999185353518,0.003329999977722764,266,2.98897527285813
"Aug 03, 2022",0.0037239999510347843,0.0035490000154823065,0.00381199992261827,0.0034860000014305115,271,4.93096463198226
"Aug 04, 2022",0.003909999970346689,0.003722999943420291,0.00392899988219142,0.003720999928191304,726,4.994630014971446
"Aug 05, 2022",0.004035999998450279,0.003911999985575676,0.004102999810129404,0.0039049999322742224,1460,3.2225071370631797
"Aug 06, 2022",0.004033000208437443,0.004038999788463116,0.004147999919950962,0.004017000086605549,1356,-0.07432581798781923
"Aug 07, 2022",0.00419900007545948,0.004033000208437443,0.004230000078678131,0.003957000095397234,1380,4.116039138176819
"Aug 08, 2022",0.0043219998478889465,0.00419900007545948,0.004375999793410301,0.004195000045001507,1852,2.9292634012636265
"Aug 09, 2022",0.004494000226259232,0.0043230000883340836,0.004523999989032745,0.0041669998317956924,3130,3.9796479505731064
"Aug 10, 2022",0.004561999812722206,0.0044929999858140945,0.004658000078052282,0.00434499979019165,3280,1.5131193377704077
"Aug 11, 2022",0.0046259998343884945,0.004561999812722206,0.004776000045239925,0.004561000037938356,2461,1.4028940002980494
"Aug 12, 2022",0.004734999965876341,0.0046259998343884945,0.004734999965876341,0.004592999815940857,1094,2.3562502246015526
"Aug 13, 2022",0.004676999989897013,0.004736999981105328,0.0047900001518428326,0.004672999959439039,911,-1.224920304061583
"Aug 14, 2022",0.004379000049084425,0.004676999989897013,0.004738000221550465,0.0043750000186264515,3551,-6.371604478432968
"Aug 15, 2022",0.004391000140458345,0.004379999823868275,0.004495000001043081,0.0043219998478889465,604,0.27403725141381674
"Aug 16, 2022",0.004296000115573406,0.004391000140458345,0.004412999842315912,0.004253999795764685,1333,-2.1635167808266798
"Aug 17, 2022",0.004189999774098396,0.004296000115573406,0.004399000201374292,0.004170999862253666,681,-2.46741942791735
"Aug 18, 2022",0.004083000123500824,0.004191000014543533,0.004238000139594078,0.00406000018119812,654,-2.553691082730347
"Aug 19, 2022",0.003829000052064657,0.004081999883055687,0.004081999883055687,0.0038209999911487103,359,-6.220917554574634
"Aug 20, 2022",0.0038159999530762434,0.003829000052064657,0.003924999851733446,0.003746999893337488,1073,-0.3395168140936433
"Aug 21, 2022",0.004085000138729811,0.0038159999530762434,0.0041600000113248825,0.0038159999530762434,3163,7.049271199196805
"Aug 22, 2022",0.004038000013679266,0.004085000138729811,0.004108999855816364,0.0039049999322742224,363,-1.150553817732769
"Aug 23, 2022",0.004029000177979469,0.004036999773234129,0.004044000059366226,0.003965000156313181,247,-0.2228785455499871
"Aug 24, 2022",0.003963000141084194,0.004029000177979469,0.004029999952763319,0.003957000095397234,629,-1.638124447251177
"Aug 25, 2022",0.0040339999832212925,0.003963000141084194,0.004081000108271837,0.003961999900639057,119,1.791567994183163
"Aug 26, 2022",0.0037410000804811716,0.0040339999832212925,0.0040339999832212925,0.003725999966263771,104,-7.263259889905848
"Aug 27, 2022",0.003656999906525016,0.003742000088095665,0.003771000076085329,0.0036090000066906214,1357,-2.245393535125284
"Aug 28, 2022",0.0036800000816583633,0.0036559998989105225,0.003776000114157796,0.003650000086054206,869,0.6289356226755638
"Aug 29, 2022",0.0038079998921602964,0.0036770000588148832,0.0038079998921602964,0.0036349999718368053,100,3.478255642979522
"Aug 30, 2022",0.003748999908566475,0.003806999884545803,0.003865000093355775,0.00367600005120039,1115,-1.5493693609416215
"Aug 31, 2022",0.0037299999967217445,0.0037509999237954617,0.0038499999791383743,0.0037269999738782644,969,-0.5067994747430027
"Sep 01, 2022",0.0037150001153349876,0.0037299999967217445,0.0037430000957101583,0.003625999903306365,740,-0.40214159249168935
"Sep 02, 2022",0.0037410000804811716,0.0037150001153349876,0.0037799999117851257,0.0036810000892728567,794,0.6998644505786134
"Sep 03, 2022",0.0037499999161809683,0.0037410000804811716,0.0037539999466389418,0.003705000039190054,264,0.24057298867097288
"Sep 04, 2022",0.003745000110939145,0.0037499999161809683,0.0037849999498575926,0.003725999966263771,430,-0.13332814276206806
"Sep 05, 2022",0.0037269999738782644,0.003745999885722995,0.0037769998889416456,0.0036849998869001865,617,-0.48064450007097026
"Sep 06, 2022",0.0035689999349415302,0.0037269999738782644,0.0038419999182224274,0.003567999927327037,986,-4.239335659890586
"Sep 07, 2022",0.0037400000728666782,0.0035689999349415302,0.003766000038012862,0.003513999981805682,408,4.79126200734854
"Sep 08, 2022",0.0037249999586492777,0.003739000065252185,0.0037620000075548887,0.0036700000055134296,941,-0.40107256484364084
"Sep 09, 2022",0.0038980001118034124,0.003727999981492758,0.003916999790817499,0.0037269999738782644,1377,4.644299465089552
"Sep 10, 2022",0.0039519998244941235,0.0038980001118034124,0.0039610001258552074,0.003868000116199255,265,1.3853183976879846
"Sep 11, 2022",0.003914000000804663,0.0039519998244941235,0.0039530000649392605,0.0038759999442845583,197,-0.9615340429405261
"Sep 12, 2022",0.003976999782025814,0.003914999775588512,0.0040480000898242,0.003871999913826585,1658,1.6096009506438191
"Sep 13, 2022",0.0037640000227838755,0.003976000007241964,0.004038999788463116,0.0037499999161809683,108,-5.355790065782706
"Sep 14, 2022",0.003792000003159046,0.0037620000075548887,0.00381799996830523,0.003705000039190054,145,0.7438889533922355
"Sep 15, 2022",0.0036669999826699495,0.003790999995544553,0.0038079998921602964,0.0036279999185353518,173,-3.2964140396878006
"Sep 16, 2022",0.003728999989107251,0.0036780000664293766,0.0037559999618679285,0.003650000086054206,156,1.6907555694112508
"Sep 17, 2022",0.0037690000608563423,0.003725999966263771,0.003780999919399619,0.0037159998901188374,220,1.0726755662626708
"Sep 18, 2022",0.003590000094845891,0.0037700000684708357,0.0037950000260025263,0.003567999927327037,626,-4.749269384988586
"Sep 19, 2022",0.003754999954253435,0.003593999892473221,0.003765000030398369,0.003522000042721629,2463,4.596096240900716
"Sep 20, 2022",0.003665999975055456,0.003754999954253435,0.0037690000608563423,0.0036559998989105225,571,-2.3701725774234794
"Sep 21, 2022",0.0036589999217540026,0.003656999906525016,0.003823000006377697,0.0036180000752210617,373,-0.1909452632046893
"Sep 22, 2022",0.003823000006377697,0.003662999952211976,0.0038320000749081373,0.003653000108897686,186,4.4821013427373435
"Sep 23, 2022",0.0038270000368356705,0.0038219999987632036,0.003840999910607934,0.003722999943420291,544,0.10463066835733059
"Sep 24, 2022",0.003836000105366111,0.0038270000368356705,0.00395399983972311,0.003826000029221177,278,0.235172940784234
"Sep 25, 2022",0.0038079998921602964,0.0038419999182224274,0.0039019999094307423,0.0037769998889416456,147,-0.729932545274059
"Sep 26, 2022",0.00381799996830523,0.00380500010214746,0.003848999971523881,0.003774000098928809,577,0.2626070490579835
"Sep 27, 2022",0.003831000067293644,0.0038169999606907368,0.004002999980002642,0.003780999919399619,884,0.3404949999039619
"Sep 28, 2022",0.003942999988794327,0.0038240000139921904,0.003976000007241964,0.003745000110939145,664,2.9235165631256166
"Sep 29, 2022",0.003961999900639057,0.00395399983972311,0.0039980001747608185,0.003871999913826585,168,0.48186436466464144
"Sep 30, 2022",0.0039610001258552074,0.00394799979403615,0.004050000105053186,0.0039160000160336494,315,-0.02523409411717692
"Oct 01, 2022",0.003986999858170748,0.0039610001258552074,0.00419999985024333,0.00392200006172061,482,0.6563931201574169
"Oct 02, 2022",0.0040480000898242,0.003986999858170748,0.004089000169187784,0.0039369999431073666,1106,1.5299782749788937
"Oct 03, 2022",0.00406600022688508,0.004044000059366226,0.004102999810129404,0.004023999907076359,1407,0.4446674076447943
"Oct 04, 2022",0.0042050001211464405,0.004064999986439943,0.0042329998686909676,0.00405499991029501,504,3.4185904206859075
"Oct 05, 2022",0.004182999953627586,0.0042039998807013035,0.004224000032991171,0.004112999886274338,422,-0.5231906512491613
"Oct 06, 2022",0.004069000016897917,0.004176000133156776,0.004255999810993671,0.004004999995231628,1009,-2.725315275961371
"Oct 07, 2022",0.004155000206083059,0.004069000016897917,0.00418000016361475,0.004025000147521496,1413,2.113546051314752
"Oct 08, 2022",0.00407399982213974,0.004172000102698803,0.00417400011792779,0.00405499991029501,648,-1.94946762757634
"Oct 09, 2022",0.00406000018119812,0.004071999806910753,0.004114000126719475,0.004038000013679266,958,-0.34363381327461306
"Oct 10, 2022",0.003942000214010477,0.00406000018119812,0.004071999806910753,0.00393400015309453,163,-2.9064030029875676
"Oct 11, 2022",0.0038960000965744257,0.003942000214010477,0.003961999900639057,0.0038759999442845583,474,-1.1669232607486868
"Oct 12, 2022",0.003837000112980604,0.0038960000965744257,0.003918000031262636,0.0038109999150037766,1235,-1.5143732579908642
"Oct 13, 2022",0.0038139999378472567,0.003837000112980604,0.0038670001085847616,0.0036440000403672457,331,-0.5994311820720966
"Oct 14, 2022",0.004257999826222658,0.0038139999378472567,0.004282999783754349,0.0038109999150037766,6923,11.64131871029892
"Oct 15, 2022",0.00419399980455637,0.004257999826222658,0.00431999983265996,0.004182000178843737,3138,-1.5030536467415478
"Oct 16, 2022",0.004232000093907118,0.00419399980455637,0.004275000188499689,0.00418699998408556,154,0.9060632122458445
"Oct 17, 2022",0.004271000158041716,0.004232000093907118,0.004298000130802393,0.00419999985024333,24,0.921551589536751
"Oct 18, 2022",0.004253999795764685,0.004271000158041716,0.004304000176489353,0.004209000151604414,361,-0.39804171500723573
"Oct 19, 2022",0.004244000185281038,0.004253999795764685,0.004273999948054552,0.004188999999314547,996,-0.23506372740313974
"Oct 20, 2022",0.00442600017413497,0.0042420001700520515,0.004441999830305576,0.004201000090688467,4279,4.288406713202808
"Oct 21, 2022",0.00445199990645051,0.004430000204592943,0.004453999921679497,0.00430600019171834,999,0.5874317960374187
"Oct 22, 2022",0.004492000211030245,0.00445199990645051,0.0045090001076459885,0.004418000113219023,701,0.8984794568791088
"Oct 23, 2022",0.005115000065416098,0.004492000211030245,0.0057680001482367516,0.004478000104427338,22240,13.869096730139452
"Oct 24, 2022",0.004985000006854534,0.005121000111103058,0.005160000175237656,0.00481100007891655,2508,-2.5415455894229444
"Oct 25, 2022",0.005222999956458807,0.004985000006854534,0.005317999981343746,0.004935000091791153,709,4.774321951394489
"Oct 26, 2022",0.005421000067144632,0.005226000212132931,0.005435999948531389,0.005206999834626913,944,3.790926906690406
"Oct 27, 2022",0.006845999974757433,0.005421000067144632,0.0070409998297691345,0.005348999984562397,13682,26.286660947476825
"Oct 28, 2022",0.00814099982380867,0.006845999974757433,0.008410999551415443,0.006816999986767769,11037,18.916153284051408
"Oct 29, 2022",0.0075980001129209995,0.00814099982380867,0.008387000299990177,0.0075690001249313354,1970,-6.669938860576396
"Oct 30, 2022",0.007747000083327293,0.0075980001129209995,0.008042999543249607,0.0075980001129209995,2807,1.961041960935317
"Oct 31, 2022",0.005696999840438366,0.007747000083327293,0.008372999727725983,0.005615000147372484,2694,-26.461859053039582
"Nov 01, 2022",0.005621000193059444,0.005696999840438366,0.005824999883770943,0.005543999839574099,3239,-1.3340293050293273
"Nov 02, 2022",0.005526999942958355,0.005621000193059444,0.005727000068873167,0.0054790000431239605,469,-1.6723046944057574
"Nov 03, 2022",0.005708000157028437,0.005526999942958355,0.005874000024050474,0.005504999775439501,1163,3.2748365467360596
"Nov 04, 2022",0.006047000177204609,0.005683000199496746,0.006178999785333872,0.005661000031977892,448,5.939033126317472
"Nov 05, 2022",0.005994999781250954,0.006060999818146229,0.006155000068247318,0.005954999942332506,72,-0.859937066806804
"Nov 06, 2022",0.005878000054508448,0.005989000201225281,0.006134999915957451,0.00587099976837635,736,-1.9516218684180187
"Nov 07, 2022",0.005797999911010265,0.005874999798834324,0.00595200015231967,0.005652000196278095,145,-1.3610095739421069
"Nov 08, 2022",0.0054720002226531506,0.005797999911010265,0.006525999866425991,0.005080000031739473,3717,-5.6226232038749995
"Nov 09, 2022",0.00443200021982193,0.005468000192195177,0.005532999988645315,0.004333999939262867,619,-19.00584723161738
"Nov 10, 2022",0.004978999961167574,0.004416999872773886,0.005123999901115894,0.004389000125229359,1800,12.3420513135178
"Nov 11, 2022",0.004732999950647354,0.004972000140696764,0.004987000022083521,0.004616000223904848,211,-4.9407514046763135
"Nov 12, 2022",0.0045830002054572105,0.004741000011563301,0.0057830000296235085,0.004414999857544899,1553,-3.1692319195910312
"Nov 13, 2022",0.004495000001043081,0.0045819999650120735,0.004648999776691198,0.004466999787837267,585,-1.9201440207081588
"Nov 14, 2022",0.0045369998551905155,0.0044999998062849045,0.004745999816805124,0.004342000000178814,501,0.9343682789252128
"Nov 15, 2022",0.004643999971449375,0.0045540002174675465,0.004708999767899513,0.00445100013166666,2352,2.3583892368091552
"Nov 16, 2022",0.004592999815940857,0.004645000211894512,0.004712999798357487,0.004526999779045582,243,-1.0981945698117945
"Nov 17, 2022",0.004505000077188015,0.00459099980071187,0.004608999937772751,0.0044109998270869255,468,-1.9159534569851866
"Nov 18, 2022",0.00456500006839633,0.0045079998672008514,0.004602999892085791,0.0045010000467300415,517,1.3318532781417147
"Nov 19, 2022",0.004648000001907349,0.00456500006839633,0.0046790000051259995,0.004437999799847603,2850,1.8181803344457848
"Nov 20, 2022",0.004765000194311142,0.004648000001907349,0.004856000188738108,0.004563999827951193,4627,2.517215842422149
"Nov 21, 2022",0.0047519998624920845,0.0047610001638531685,0.004838999826461077,0.004588000010699034,2215,-0.27282961781571746
"Nov 22, 2022",0.004972999915480614,0.004755000118166208,0.004978999961167574,0.00467800023034215,603,4.650674650327757
"Nov 23, 2022",0.005578999873250723,0.00495600001886487,0.0056039998307824135,0.004933000076562166,911,12.185802695947622
"Nov 24, 2022",0.005584999918937683,0.005574999842792749,0.005675999913364649,0.005499999970197678,268,0.10754697657779921
"Nov 25, 2022",0.005675999913364649,0.005584999918937683,0.0057470002211630344,0.005534000229090452,1950,1.629364292708435
"Nov 26, 2022",0.005543999839574099,0.005681000184267759,0.006031999830156565,0.005497999954968691,5472,-2.3255827308901855
"Nov 27, 2022",0.005408000200986862,0.005543000064790249,0.005636999849230051,0.005408000200986862,1045,-2.4530960050980877
"Nov 28, 2022",0.005197000224143267,0.005408000200986862,0.00545499986037612,0.005104999989271164,85,-3.9016266457440607
"Nov 29, 2022",0.005237000063061714,0.005198999773710966,0.005412000231444836,0.0051310001872479916,117,0.7696716796859793
"Nov 30, 2022",0.005324000027030706,0.005237000063061714,0.005410999990999699,0.005185000132769346,79,1.6612557365166314
"Dec 01, 2022",0.005179000087082386,0.005324000027030706,0.005350000225007534,0.005125999916344881,94,-2.723515011497657
"Dec 02, 2022",0.005210000090301037,0.005179000087082386,0.005210000090301037,0.005071999970823526,37,0.5985712048156122
"Dec 03, 2022",0.005193999968469143,0.005206999834626913,0.0052280002273619175,0.005127999931573868,597,-0.30710406054847983
"Dec 04, 2022",0.005198999773710966,0.005179999861866236,0.0052200001664459705,0.005125999916344881,411,0.0962611719710349
"Dec 05, 2022",0.005160000175237656,0.005185000132769346,0.005311999935656786,0.00508899986743927,207,-0.7501365680089855
"Dec 06, 2022",0.005171999800950289,0.005160000175237656,0.00519500020891428,0.0050940001383423805,304,0.2325508780061325
"Dec 07, 2022",0.005158999934792519,0.005177000071853399,0.005200000014156103,0.005022000055760145,1201,-0.25135086345868807
"Dec 08, 2022",0.00531500019133091,0.005158999934792519,0.0053170002065598965,0.005121999885886908,306,3.023846840670008
"Dec 09, 2022",0.005245999898761511,0.00531500019133091,0.005363999865949154,0.005218000151216984,905,-1.2982180636972096
"Dec 10, 2022",0.005231000017374754,0.005241000093519688,0.005278000142425299,0.005200000014156103,213,-0.2859298832677881
"Dec 11, 2022",0.005394000094383955,0.005231000017374754,0.0055160000920295715,0.005216000135987997,2612,3.116040460099345
"Dec 12, 2022",0.00520299980416894,0.005394000094383955,0.005402999930083752,0.005115999840199947,501,-3.5409767681294335
"Dec 13, 2022",0.005084000062197447,0.005193999968469143,0.005257999990135431,0.004803000018000603,54,-2.287137160300168
"Dec 14, 2022",0.005038000177592039,0.005090000107884407,0.005212000105530024,0.004989000037312508,232,-0.904797089745224
"Dec 15, 2022",0.004906999878585339,0.005032999906688929,0.005098999943584204,0.004877000115811825,1200,-2.6002440331257315
"Dec 16, 2022",0.00419999985024333,0.004910000134259462,0.005051999818533659,0.004114000126719475,3895,-14.407989521814146
"Dec 17, 2022",0.004406000021845102,0.004189999774098396,0.004424000158905983,0.003980000037699938,242,4.9047661654044505
"Dec 18, 2022",0.004579999949783087,0.004401000216603279,0.004631999880075455,0.004350999835878611,688,3.94915858091891
"Dec 19, 2022",0.004410000052303076,0.004579999949783087,0.004623000044375658,0.004356000106781721,195,-3.7117881952828946
"Dec 20, 2022",0.004608000162988901,0.004410000052303076,0.004635999910533428,0.004393999930471182,46,4.48979837500052
"Dec 21, 2022",0.004486000165343285,0.004612999968230724,0.004625000059604645,0.004478000104427338,204,-2.6475692997042666
"Dec 22, 2022",0.004497000016272068,0.004490000195801258,0.004530999809503555,0.0043830000795423985,2,0.24520397956653284
"Dec 23, 2022",0.004495999775826931,0.004495999775826931,0.00455200020223856,0.004468999803066254,209,-0.022242393629479107
"Dec 24, 2022",0.004447000101208687,0.004495999775826931,0.004515000153332949,0.004433999769389629,250,-1.0898504684474064
"Dec 25, 2022",0.004435000009834766,0.004447000101208687,0.004497999791055918,0.0044200001284480095,135,-0.26984688780777866
"Dec 26, 2022",0.004476999863982201,0.004430999979376793,0.004476999863982201,0.004416999872773886,20,0.947009110581698
"Dec 27, 2022",0.004501999821513891,0.004453999921679497,0.004540000110864639,0.00443200021982193,169,0.5584087176954577
"Dec 28, 2022",0.004461999982595444,0.0045079998672008514,0.004532000049948692,0.004414000082761049,282,-0.8884904598907006
"Dec 29, 2022",0.004523999989032745,0.004461999982595444,0.0045369998551905155,0.004461999982595444,63,1.389511579541458
"Dec 30, 2022",0.004486999940127134,0.004523999989032745,0.004536000080406666,0.00445799995213747,34,-0.8178613836274939
"Dec 31, 2022",0.004490000195801258,0.004495000001043081,0.004530999809503555,0.0044570001773536205,397,0.06686551625045833
"Jan 01, 2023",0.004501999821513891,0.004490000195801258,0.004521999973803759,0.004424000158905983,578,0.2672522313886372
"Jan 02, 2023",0.004503999836742878,0.004501999821513891,0.004532999824732542,0.004422000143676996,133,0.04442504016612947
"Jan 03, 2023",0.004499000031501055,0.004503000061959028,0.004534999839961529,0.00446499977260828,33,-0.11100811330043703
"Jan 04, 2023",0.004741999786347151,0.004499000031501055,0.004788000136613846,0.004480000119656324,1,5.401194779832474
"Jan 05, 2023",0.0047240001149475574,0.004745999816805124,0.004763000179082155,0.0046720001846551895,142,-0.3795797598181383
"Jan 06, 2023",0.004798999987542629,0.00472299987450242,0.004803000018000603,0.004676000215113163,333,1.5876348596554735
"Jan 07, 2023",0.004798999987542629,0.004794000182300806,0.004863000009208918,0.004774000030010939,692,0.0
"Jan 08, 2023",0.005051000043749809,0.004786999896168709,0.005051000043749809,0.004767999984323978,61,5.251095162769914
"Jan 09, 2023",0.005020999815315008,0.005045999772846699,0.00522099994122982,0.005007999949157238,194,-0.5939463111255372
"Jan 10, 2023",0.005158000160008669,0.005030999891459942,0.005158999934792519,0.005005999933928251,338,2.7285470968507752
"Jan 11, 2023",0.0052559999749064445,0.005158000160008669,0.005260000005364418,0.005059999879449606,134,1.899957577698319
"Jan 12, 2023",0.005348000209778547,0.005276000127196312,0.005373999942094088,0.005162000190466642,613,1.7503849945079253
"Jan 13, 2023",0.0055519999004900455,0.005348999984562397,0.005578000098466873,0.005322999786585569,1209,3.814504164350918
"Jan 14, 2023",0.0057020001113414764,0.005534000229090452,0.005956999957561493,0.005526999942958355,4594,2.701732952808422
"Jan 15, 2023",0.005654000211507082,0.00570000009611249,0.005717999767512083,0.00545400008559227,545,-0.8418081181535086
"Jan 16, 2023",0.005607000086456537,0.005630000028759241,0.005717999767512083,0.00547999981790781,2293,-0.8312720780393579
"Jan 17, 2023",0.005594999995082617,0.005607000086456537,0.00570000009611249,0.005557999946177006,32,-0.21401981788632396
"Jan 18, 2023",0.00533499987795949,0.005603000055998564,0.005696000065654516,0.005249999929219484,178,-4.647008353023018
"Jan 19, 2023",0.005541999824345112,0.005348000209778547,0.005541999824345112,0.00532899983227253,350,3.8800365720869534
"Jan 20, 2023",0.00571200018748641,0.005526999942958355,0.0057299998588860035,0.005367999896407127,481,3.067491312333037
"Jan 21, 2023",0.005590000189840794,0.00571200018748641,0.005781000014394522,0.005574999842792749,1452,-2.1358542304128147
"Jan 22, 2023",0.005656000226736069,0.0056050000712275505,0.005801000166684389,0.005574999842792749,404,1.1806804052569175
"Jan 23, 2023",0.0057379999198019505,0.005656000226736069,0.005750999785959721,0.005630000028759241,441,1.4497823511085972
"Jan 24, 2023",0.005822999868541956,0.00572599982842803,0.0061690001748502254,0.005696000065654516,3967,1.4813515149532996
"Jan 25, 2023",0.005979000125080347,0.005840000230818987,0.006074000149965286,0.005739999935030937,3996,2.679035893185633
"Jan 26, 2023",0.00609700009226799,0.005950999911874533,0.006118000019341707,0.005903999786823988,5097,1.9735735862032255
"Jan 27, 2023",0.0062870001420378685,0.006095999851822853,0.00636899983510375,0.006002000067383051,3205,3.116287467517509
"Jan 28, 2023",0.00647599995136261,0.006275999825447798,0.00648899981752038,0.006264000199735165,2813,3.006200175835838
"Jan 29, 2023",0.007178999949246645,0.00647599995136261,0.007236999925225973,0.006459999829530716,7448,10.855466386100222
"Jan 30, 2023",0.007065000012516975,0.0071760001592338085,0.00724400021135807,0.006812999956309795,4423,-1.5879640275193618
"Jan 31, 2023",0.0071390001103281975,0.007065000012516975,0.007286000065505505,0.007025000173598528,6452,1.0474182261870801
"Feb 01, 2023",0.007387999910861254,0.0071379998698830605,0.007431999780237675,0.006912000011652708,4362,3.487880609118088
"Feb 02, 2023",0.007813000120222569,0.007387999910861254,0.007919000461697578,0.007344000041484833,7954,5.752574641162522
"Feb 03, 2023",0.009425000287592411,0.007814999669790268,0.009572000242769718,0.007627999875694513,30534,20.6322813588274
"Feb 04, 2023",0.009340000338852406,0.009391999803483486,0.00951400026679039,0.009039999917149544,10017,-0.9018561925340673
"Feb 05, 2023",0.00926900003105402,0.009324000217020512,0.009510999545454979,0.009074999950826168,3329,-0.7601745741168675
"Feb 06, 2023",0.009158999659121037,0.009285000152885914,0.009348999708890915,0.009087000042200089,2628,-1.1867555460615797
"Feb 07, 2023",0.010645000264048576,0.009177999570965767,0.010684000328183174,0.009119000285863876,21807,16.224485863450155
"Feb 08, 2023",0.008155000396072865,0.010664000175893307,0.012141999788582325,0.0079950001090765,59000,-23.39126168352671
"Feb 09, 2023",0.007999000139534473,0.00815299991518259,0.008502000011503696,0.007108000107109547,28207,-1.9129399014316983
"Feb 10, 2023",0.008743000216782093,0.00800199992954731,0.008922000415623188,0.007965999655425549,10936,9.301163448797233
"Feb 11, 2023",0.009317000396549702,0.008760999888181686,0.009321000427007675,0.00872000027447939,5171,6.565254095108242
"Feb 12, 2023",0.00949000008404255,0.009285000152885914,0.009720999747514725,0.009211000055074692,2932,1.8568174318948527
"Feb 13, 2023",0.007083000149577856,0.009455000050365925,0.009498000144958496,0.006763999816030264,25192,-25.363539653830635
"Feb 14, 2023",0.007153999991714954,0.007081000134348869,0.007211000192910433,0.0069610001519322395,994,1.0023978630203656
"Feb 15, 2023",0.00761700002476573,0.007122000213712454,0.007658999878913164,0.007052999921143055,1899,6.471904299510434
"Feb 16, 2023",0.007375999819487333,0.00761700002476573,0.007891999557614326,0.007350999861955643,1079,-3.163978003082768
"Feb 17, 2023",0.0075610000640153885,0.0073819998651742935,0.007693000137805939,0.007329000160098076,962,2.508137866805349
"Feb 18, 2023",0.007761000189930201,0.007546999957412481,0.007761000189930201,0.007546999957412481,1210,2.6451544004960414
"Feb 19, 2023",0.007675000000745058,0.0077599999494850636,0.008015000261366367,0.007579000201076269,7654,-1.1081070362132794
"Feb 20, 2023",0.007811000104993582,0.007656000088900328,0.007907000370323658,0.007590999826788902,2189,1.771988328798968
"Feb 21, 2023",0.007734000217169523,0.007813000120222569,0.007879000157117844,0.007644999772310257,2251,-0.9857878221616212
"Feb 22, 2023",0.009209999814629555,0.007732999976724386,0.009302999824285507,0.007573999930173159,26738,19.084555935016702
"Feb 23, 2023",0.009252999909222126,0.009207000024616718,0.009358000010251999,0.008985999971628189,8022,0.46688485839345706
"Feb 24, 2023",0.009073999710381031,0.009251999668776989,0.009394999593496323,0.008914999663829803,2968,-1.9345098951388917
"Feb 25, 2023",0.00950700044631958,0.009073999710381031,0.00950700044631958,0.008969999849796295,6862,4.771883951496925
"Feb 26, 2023",0.009689999744296074,0.009487000294029713,0.009968999773263931,0.00940600037574768,10675,1.9248899693418808
"Feb 27, 2023",0.009681000374257565,0.009646999649703503,0.010098000057041645,0.009597999975085258,7237,-0.09287275826613817
"Feb 28, 2023",0.009713999927043915,0.009711000137031078,0.009866000153124332,0.00961500033736229,2693,0.3408692439894834
"Mar 01, 2023",0.009866000153124332,0.009736999869346619,0.009982000105082989,0.009607000276446342,4133,1.5647542435865969
"Mar 02, 2023",0.009921999648213387,0.009864999912679195,0.010010999627411366,0.00979200005531311,5742,0.5676007928230309
"Mar 03, 2023",0.009623999707400799,0.009933999739587307,0.009948999620974064,0.009525000117719173,743,-3.0034262384422417
"Mar 04, 2023",0.009631000459194183,0.009623999707400799,0.009755999781191349,0.009479999542236328,1480,0.07274264345624726
"Mar 05, 2023",0.009472000412642956,0.009596000425517559,0.009754999540746212,0.009425000287592411,1852,-1.6509193123279253
"Mar 06, 2023",0.009197999723255634,0.00942699983716011,0.009492999874055386,0.009186999872326851,2003,-2.8927436386256167
"Mar 07, 2023",0.008965999819338322,0.009239000268280506,0.009239000268280506,0.00874400045722723,5646,-2.5222864850793503
"Mar 08, 2023",0.008870000019669533,0.008968000300228596,0.009146000258624554,0.008852999657392502,1825,-1.0707093643001375
"Mar 09, 2023",0.00848700013011694,0.00886599998921156,0.008975000120699406,0.008356000296771526,436,-4.317924337128276
"Mar 10, 2023",0.008597999811172485,0.008495000191032887,0.008621999993920326,0.00823500007390976,838,1.3078788659570462
"Mar 11, 2023",0.008621999993920326,0.008582999929785728,0.008759000338613987,0.008475000038743019,647,0.2791368140838246
"Mar 12, 2023",0.009015999734401703,0.008623999543488026,0.009019999764859676,0.008596000261604786,624,4.569702398042219
"Mar 13, 2023",0.009425999596714973,0.009015999734401703,0.009642000310122967,0.008894000202417374,2319,4.547469769202217
"Mar 14, 2023",0.009487999603152275,0.009428000077605247,0.009827000088989735,0.009310999885201454,1278,0.6577552417773136
"Mar 15, 2023",0.009584999643266201,0.009480999782681465,0.00970499962568283,0.009282000362873077,1795,1.0223444790374847
"Mar 16, 2023",0.010352999903261662,0.009584000334143639,0.010490999557077885,0.009457999840378761,2672,8.012522572549162
"Mar 17, 2023",0.010708999820053577,0.010397999547421932,0.010758000425994396,0.010274999774992466,1679,3.4386160544612743
"Mar 18, 2023",0.010583000257611275,0.010712999850511551,0.011029999703168869,0.010471999645233154,2682,-1.1765763802363383
"Mar 19, 2023",0.010648000054061413,0.010583000257611275,0.01076900027692318,0.010375999845564365,3664,0.6141906346774473
"Mar 20, 2023",0.010549000464379787,0.010604999959468842,0.010859999805688858,0.01038500014692545,1013,-0.9297482079168917
"Mar 21, 2023",0.010588999837636948,0.010545000433921814,0.010769999586045742,0.010440999642014503,2878,0.37917690298927553
"Mar 22, 2023",0.0101539995521307,0.010584999807178974,0.010661999695003033,0.009916000068187714,2866,-4.108039401040575
"Mar 23, 2023",0.010208000428974628,0.010107000358402729,0.0104160001501441,0.009998999536037445,3205,0.5318187829996379
"Mar 24, 2023",0.009689999744296074,0.010209999978542328,0.010266000404953957,0.009576999582350254,4511,-5.074457904686691
"Mar 25, 2023",0.00981799978762865,0.009730000048875809,0.00990699976682663,0.00965300016105175,1861,1.3209499144509529
"Mar 26, 2023",0.010116999968886375,0.009816999547183514,0.010166999883949757,0.00976600032299757,1547,3.045428679215134
"Mar 27, 2023",0.009579000063240528,0.010115000419318676,0.01018300000578165,0.009418999776244164,1579,-5.3177810348957415
"Mar 28, 2023",0.009901000186800957,0.009620999917387962,0.009974000044167042,0.009564000181853771,3406,3.36152125936513
"Mar 29, 2023",0.01011900044977665,0.009856999851763248,0.01030499953776598,0.009856999851763248,6058,2.20180041271294
"Mar 30, 2023",0.010369000025093555,0.010165000334382057,0.010389000177383423,0.01002500019967556,3601,2.470595554943622
"Mar 31, 2023",0.010460999794304371,0.010366999544203281,0.010506999678909779,0.010188999585807323,4562,0.887257874319336
"Apr 01, 2023",0.010544000193476677,0.010414999909698963,0.010635999962687492,0.010111999697983265,7224,0.7934270223147966
"Apr 02, 2023",0.010785000398755074,0.010582000017166138,0.010859999805688858,0.01050500012934208,4447,2.2856619959803925
"Apr 03, 2023",0.01065600011497736,0.010739999823272228,0.010890999808907509,0.010371999815106392,1769,-1.1961082893664488
"Apr 04, 2023",0.010351999662816525,0.01065600011497736,0.010731000453233719,0.01032899972051382,5016,-2.8528570653218455
"Apr 05, 2023",0.01042800024151802,0.010359999723732471,0.010576000437140465,0.01032199990004301,1599,0.7341632648471208
"Apr 06, 2023",0.010259999893605709,0.010417000390589237,0.010451000183820724,0.010246999561786652,3330,-1.6110504796829184
"Apr 07, 2023",0.010135999880731106,0.010254000313580036,0.01028900034725666,0.010122000239789486,1085,-1.2085771360668685
"Apr 08, 2023",0.010200000368058681,0.01012600027024746,0.010263999924063683,0.01011900044977665,919,0.6314176014271977
"Apr 09, 2023",0.01025800034403801,0.010199000127613544,0.010339000262320042,0.01016400009393692,1629,0.5686271949651545
"Apr 10, 2023",0.010408000089228153,0.0102530000731349,0.010408000089228153,0.010215999558568,900,1.4622708145776597
"Apr 11, 2023",0.010592999868094921,0.010409999638795853,0.01082600001245737,0.010397999547421932,2519,1.777476722528415
"Apr 12, 2023",0.010462000034749508,0.010595000348985195,0.010603000409901142,0.010393000207841396,784,-1.2366641647940768
"Apr 13, 2023",0.010630999691784382,0.01049800030887127,0.010660000145435333,0.010440000332891941,346,1.6153666265871003
"Apr 14, 2023",0.0107810003682971,0.010630999691784382,0.010978000238537788,0.010603999719023705,209,1.4109743284880238
"Apr 15, 2023",0.012264000251889229,0.010777999646961689,0.012265999801456928,0.01075700018554926,22001,13.755679741492987
"Apr 16, 2023",0.01371499989181757,0.012265999801456928,0.013780999928712845,0.012103999964892864,19041,11.831373207162322
"Apr 17, 2023",0.012551999650895596,0.013713999651372433,0.013725999742746353,0.012416999787092209,12866,-8.479768502337537
"Apr 18, 2023",0.012461000122129917,0.012555000372231007,0.012800999917089939,0.012091999873518944,14511,-0.7249803321910164
"Apr 19, 2023",0.01180499978363514,0.012462000362575054,0.012489000335335732,0.011738999746739864,9389,-5.264427670855765
"Apr 20, 2023",0.01179100014269352,0.01180499978363514,0.012369000352919102,0.011578000150620937,16916,-0.11859077677431884
"Apr 21, 2023",0.011901999823749065,0.011793999932706356,0.01231900043785572,0.011754999868571758,2647,0.9413932636098687
"Apr 22, 2023",0.012268000282347202,0.011901999823749065,0.01244799979031086,0.011876000091433525,4572,3.0751173249710995
"Apr 23, 2023",0.01242200005799532,0.012268000282347202,0.012655000202357769,0.012098000384867191,13329,1.2552964794899202
"Apr 24, 2023",0.01232799980789423,0.01242200005799532,0.012645999900996685,0.012140000239014626,11841,-0.7567239547755955
"Apr 25, 2023",0.012442000210285187,0.012326999567449093,0.012482999823987484,0.012063000351190567,4915,0.924727483512422
"Apr 26, 2023",0.012280999682843685,0.012443999759852886,0.012648999691009521,0.012028000317513943,3957,-1.2940083967239446
"Apr 27, 2023",0.012569000013172626,0.012279000133275986,0.012753999792039394,0.012236000038683414,6445,2.345088655374461
"Apr 28, 2023",0.012384000234305859,0.01256799977272749,0.01271000038832426,0.012372000142931938,11738,-1.4718734877307904
"Apr 29, 2023",0.012174000032246113,0.012382999993860722,0.012382999993860722,0.012130999937653542,6230,-1.6957380336444783
"Apr 30, 2023",0.013717000372707844,0.01217500027269125,0.0137320002540946,0.012144999578595161,22541,12.674555087684247
"May 01, 2023",0.013833999633789062,0.013712000101804733,0.014410999603569508,0.013408999890089035,35260,0.8529507756958932
"May 02, 2023",0.019092999398708344,0.013837000355124474,0.01955699920654297,0.013685000129044056,108377,38.015034727009514
"May 03, 2023",0.011754999868571758,0.01909000054001808,0.022892000153660774,0.01144300028681755,265317,-38.432932285290946
"May 04, 2023",0.010413999669253826,0.011754999868571758,0.011761000379920006,0.010405000299215317,20149,-11.407913350158672
"May 05, 2023",0.01027899980545044,0.010414999909698963,0.010506999678909779,0.010262000374495983,167054,-1.2963305943052728
"May 06, 2023",0.00916799996048212,0.010280000045895576,0.010280000045895576,0.009077999740839005,212269,-10.808443097539621
"May 07, 2023",0.009008999913930893,0.009166000410914421,0.009204000234603882,0.009008999913930893,239255,-1.7342937089505184
"May 08, 2023",0.00877700001001358,0.009011000394821167,0.009077000431716442,0.008756999857723713,225794,-2.575201533286331
"May 09, 2023",0.00912499986588955,0.00877700001001358,1.2053810358047485,0.00877000018954277,15354,3.9649066364240593
"May 10, 2023",0.009135999716818333,0.009127999655902386,0.00926200021058321,0.009022999554872513,4353,0.12054631331999133
"May 11, 2023",0.008671999908983707,0.00913699995726347,0.009139999747276306,0.008592000231146812,3681,-5.078807160867738
"May 12, 2023",0.008669000118970871,0.008674000389873981,0.008693999610841274,0.008481999859213829,526,-0.034591674865314115
"May 13, 2023",0.008713999763131142,0.008666999638080597,0.008733999915421009,0.00865700002759695,481,0.5190869020960776
"May 14, 2023",0.008716999553143978,0.008713999763131142,0.008790000341832638,0.008684000000357628,366,0.03442494944203567
"May 15, 2023",0.008772999979555607,0.008716999553143978,0.008844999596476555,0.008692000061273575,746,0.6424277765556541
"May 16, 2023",0.008697999641299248,0.008774000220000744,0.008782999590039253,0.008627999573946,1084,-0.8548995603686049
"May 17, 2023",0.008456000126898289,0.008698999881744385,0.008743000216782093,0.008307999931275845,3884,-2.7822433246825318
"May 18, 2023",0.00822100043296814,0.008456000126898289,0.008456000126898289,0.008154000155627728,1204,-2.779088107894201
"May 19, 2023",0.00812899973243475,0.008221999742090702,0.00825599953532219,0.008112999610602856,1342,-1.1190937317609895
"May 20, 2023",0.008162000216543674,0.008129999972879887,0.008190000429749489,0.008112000301480293,502,0.4059599605748865
"May 21, 2023",0.008030000142753124,0.008163000456988811,0.008182999677956104,0.00802799966186285,635,-1.6172515350219796
"May 22, 2023",0.008101999759674072,0.008030000142753124,0.008147000335156918,0.00798800028860569,306,0.8966328224281117
"May 23, 2023",0.008193000219762325,0.008100000210106373,0.00824700016528368,0.008098999969661236,251,1.12318517387755
"May 24, 2023",0.008024999871850014,0.008194000460207462,0.008194000460207462,0.007997999899089336,962,-2.0505351325034504
"May 25, 2023",0.008018000051379204,0.00802600011229515,0.008070000447332859,0.007934000343084335,730,-0.08722517859923729
"May 26, 2023",0.008035000413656235,0.008018000051379204,0.00810300000011921,0.007934000343084335,704,0.2120274653042209
"May 27, 2023",0.007992999628186226,0.008035000413656235,0.008047999814152718,0.007916999980807304,974,-0.5227228787521243
"May 28, 2023",0.008167999796569347,0.007993999868631363,0.008170000277459621,0.007977999746799469,59,2.1894179472498276
"May 29, 2023",0.008055999875068665,0.008167999796569347,0.008228999562561512,0.008030000142753124,553,-1.3712037743649819
"May 30, 2023",0.008047999814152718,0.008054999634623528,0.008108999580144882,0.008034000173211098,74,-0.09930562363469342
"May 31, 2023",0.007915999740362167,0.008047999814152718,0.008050000295042992,0.007877999916672707,213,-1.6401600004813943
"Jun 01, 2023",0.007852000184357166,0.007915000431239605,0.007930999621748924,0.007823999971151352,219,-0.8084835536145807
"Jun 02, 2023",0.007942999713122845,0.00785099994391203,0.007961000315845013,0.007819999940693378,560,1.1589343686844167
"Jun 03, 2023",0.007915999740362167,0.007942999713122845,0.00795700028538704,0.007896999828517437,53,-0.33992161319192915
"Jun 04, 2023",0.007876000367105007,0.007915999740362167,0.007935999892652035,0.00786999985575676,495,-0.5052978091094507
"Jun 05, 2023",0.007145999930799007,0.007876000367105007,0.007876000367105007,0.007036000024527311,282,-9.268669404269303
"Jun 06, 2023",0.007269999943673611,0.007145999930799007,0.007375999819487333,0.007065000012516975,44,1.7352366929107799
"Jun 07, 2023",0.006688000168651342,0.007269000168889761,0.007271000184118748,0.006577999796718359,419,-8.005499030694319
"Jun 08, 2023",0.007122000213712454,0.006684999912977219,0.007286000065505505,0.006643999833613634,5894,6.489234959882317
"Jun 09, 2023",0.007071000058203936,0.007122000213712454,0.007160999812185764,0.006949999835342169,225,-0.7160931476851706
"Jun 10, 2023",0.006504999939352274,0.007069999817758799,0.007069999817758799,0.006320999935269356,295,-8.00452714174391
"Jun 11, 2023",0.006417999975383282,0.006504000164568424,0.006504000164568424,0.00636899983510375,516,-1.3374322026151297
"Jun 12, 2023",0.0062950002029538155,0.0064130001701414585,0.0065100002102553844,0.0060339998453855515,271,-1.9164813477912324
"Jun 13, 2023",0.006634999997913837,0.0062950002029538155,0.006696000229567289,0.006246999837458134,119,5.40110856232352
"Jun 14, 2023",0.006471999920904636,0.006634999997913837,0.00685499981045723,0.006364000029861927,86,-2.4566703400218715
"Jun 15, 2023",0.006333999801427126,0.00646999990567565,0.006539999973028898,0.0062049999833106995,1606,-2.1322639240425323
"Jun 16, 2023",0.00634399987757206,0.006335000041872263,0.006453999783843756,0.006184000056236982,213,0.15787932520427983
"Jun 17, 2023",0.00648899981752038,0.00634399987757206,0.006612000055611134,0.006304999813437462,15,2.2856233093720313
"Jun 18, 2023",0.006465999875217676,0.00648899981752038,0.00658900011330843,0.006436999887228012,115,-0.3544451063259957
"Jun 19, 2023",0.006411000154912472,0.006465999875217676,0.006473000161349773,0.006304000038653612,238,-0.8505988457562896
"Jun 20, 2023",0.006541000213474035,0.0064130001701414585,0.0065449997782707214,0.006310999859124422,10,2.02776564374203
"Jun 21, 2023",0.0065750000067055225,0.006541000213474035,0.006684000138193369,0.00648100022226572,34,0.5197950179156141
"Jun 22, 2023",0.006318999920040369,0.006572999991476536,0.006773000117391348,0.0062939999625086784,851,-3.8935374358033736
"Jun 23, 2023",0.006345000118017197,0.006320999935269356,0.00647599995136261,0.006268000230193138,1314,0.4114606473465843
"Jun 24, 2023",0.00634399987757206,0.00634399987757206,0.00634399987757206,0.00634399987757206,0,-0.0157642305206096
"Jun 25, 2023",0.006165000144392252,0.00634399987757206,0.00634399987757206,0.006113999988883734,17,-2.8215595308036745
"Jun 26, 2023",0.005923000164330006,0.006163999903947115,0.006171999964863062,0.005876999814063311,2356,-3.9253848239139466
"Jun 27, 2023",0.005803999956697226,0.005925000179558992,0.006006999872624874,0.005791999865323305,1795,-2.009120451311708
"Jun 28, 2023",0.00558099988847971,0.005803999956697226,0.005805000197142363,0.005504999775439501,0,-3.8421790124273936
"Jun 29, 2023",0.0054259998723864555,0.00558099988847971,0.005700999870896339,0.005413999781012535,3184,-2.7772804011912733
"Jun 30, 2023",0.005594999995082617,0.0054259998723864555,0.005615999922156334,0.005408999975770712,7,3.1146355818440385
"Jul 01, 2023",0.005793999880552292,0.005594999995082617,0.005818000063300133,0.005594999995082617,378,3.5567450517349997
"Jul 02, 2023",0.005760000087320805,0.005793999880552292,0.005803999956697226,0.005692000035196543,5,-0.5868103888922782
"Jul 03, 2023",0.005735000129789114,0.005762999877333641,0.005884000100195408,0.00572500005364418,313,-0.4340270339009522
"Jul 04, 2023",0.0056500001810491085,0.005733999889343977,0.005745000205934048,0.005615000147372484,170,-1.4821263612269764
"Jul 05, 2023",0.005276999901980162,0.005652000196278095,0.005681999959051609,0.005231999792158604,4149,-6.601774639229962
"Jul 06, 2023",0.0051299999468028545,0.005276000127196312,0.005388000048696995,0.005121999885886908,0,-2.785672880572654
"Jul 07, 2023",0.005200000014156103,0.005133000202476978,0.0052109998650848866,0.005131999962031841,28,1.3645237442326819
"Jul 08, 2023",0.005216000135987997,0.005198999773710966,0.005241999868303537,0.005191999953240156,0,0.3076946497756916
"Jul 09, 2023",0.005162000190466642,0.005216000135987997,0.005216000135987997,0.005150999873876572,91,-1.0352750021760948
"Jul 10, 2023",0.005429999902844429,0.005162000190466642,0.005433000158518553,0.005117999855428934,77,5.19178036592749
"Jul 11, 2023",0.00548599986359477,0.005429999902844429,0.005503000225871801,0.005421999841928482,1,1.031306846267288
"Jul 12, 2023",0.00571200018748641,0.005483999848365784,0.005716000217944384,0.005342999938875437,5193,4.119583111756597
"Jul 13, 2023",0.005623999983072281,0.005710000172257423,0.005998999811708927,0.0055149998515844345,4780,-1.5406197746091865
"Jul 14, 2023",0.005412000231444836,0.005623999983072281,0.00570600014179945,0.005326999817043543,92,-3.7695546277657366
"Jul 15, 2023",0.005491000134497881,0.005413000006228685,0.005512000061571598,0.005402000155299902,393,1.4597172888877408
"Jul 16, 2023",0.0053079999051988125,0.005491999909281731,0.005508999805897474,0.0053079999051988125,134,-3.332730373640802
"Jul 17, 2023",0.0053530000150203705,0.005309999920427799,0.00535999983549118,0.005268000066280365,81,0.8477790245904782
"Jul 18, 2023",0.005260999780148268,0.00535399978980422,0.00535399978980422,0.005218000151216984,18,-1.7186668151308204
"Jul 19, 2023",0.005278000142425299,0.005260999780148268,0.005342000164091587,0.005257000215351582,67,0.3231393839091101
"Jul 20, 2023",0.005311999935656786,0.005276999901980162,0.00535999983549118,0.005266000051051378,16,0.6441794678668566
"Jul 21, 2023",0.005322999786585569,0.005311999935656786,0.005350000225007534,0.005303000099956989,189,0.20707550945071596
"Jul 22, 2023",0.005253000184893608,0.005320999771356583,0.005342999938875437,0.005239999853074551,99,-1.3150404752667155
"Jul 23, 2023",0.005286000203341246,0.005253000184893608,0.0053159999661147594,0.005247000139206648,17,0.6282127790997905
"Jul 24, 2023",0.00520800007507205,0.005284999962896109,0.005295999813824892,0.005142999812960625,8,-1.475598283554591
"Jul 25, 2023",0.005183999892324209,0.0052089998498559,0.0052089998498559,0.005158999934792519,35,-0.4608329954278845
"Jul 26, 2023",0.004993999842554331,0.005183999892324209,0.005200000014156103,0.004954000003635883,2614,-3.6651244929847615
"Jul 27, 2023",0.005026000086218119,0.004993999842554331,0.0050849998369812965,0.004987999796867371,11,0.6407738220396197
"Jul 28, 2023",0.005059999879449606,0.005026999861001968,0.005073999986052513,0.005016000010073185,10,0.676478166499006
"Jul 29, 2023",0.005071000196039677,0.005059999879449606,0.005073999986052513,0.005047000013291836,11,0.21739756624790108
"Jul 30, 2023",0.0050650001503527164,0.005071000196039677,0.0050849998369812965,0.005032999906688929,74,-0.11832075438779066
"Jul 31, 2023",0.005038000177592039,0.005063999909907579,0.005102999974042177,0.005030000116676092,9,-0.5330695352259163
"Aug 01, 2023",0.004015999846160412,0.005036000162363052,0.0050559998489916325,0.0037249999586492777,21796,-20.285833572957557
"Aug 02, 2023",0.003897000104188919,0.004015000071376562,0.004031999967992306,0.003837000112980604,259,-2.9631410988540052
"Aug 03, 2023",0.004327999893575907,0.003897000104188919,0.0043310001492500305,0.003863000078126788,6530,11.059783881547824
"Aug 04, 2023",0.004391000140458345,0.00432599987834692,0.004422000143676996,0.0043219998478889465,29,1.4556434480497593
"Aug 05, 2023",0.004420999903231859,0.004389999900013208,0.004420999903231859,0.0043680001981556416,64,0.6832102439965348
"Aug 06, 2023",0.0044189998880028725,0.004420999903231859,0.004463000223040581,0.004416999872773886,9,-0.045238979252737455
"Aug 07, 2023",0.004399999976158142,0.004418000113219023,0.004437000025063753,0.004360999912023544,16,-0.4299595457404992
"Aug 08, 2023",0.00445799995213747,0.004399000201374292,0.0045010000467300415,0.004399000201374292,87,1.3181812794001546
"Aug 09, 2023",0.004435000009834766,0.004459000192582607,0.004459999967366457,0.00443299999460578,0,-0.515925135702977
"Aug 10, 2023",0.004435000009834766,0.004435000009834766,0.004435000009834766,0.004435000009834766,0,0.0
"Aug 11, 2023",0.004352999851107597,0.004435000009834766,0.004435000009834766,0.004327999893575907,196,-1.8489325489364328
"Aug 12, 2023",0.004410000052303076,0.004352000076323748,0.004424999933689833,0.004346999805420637,673,1.309446431085326
"Aug 13, 2023",0.004404999781399965,0.004410000052303076,0.004426999948918819,0.004401000216603279,52,-0.11338482639017267
"Aug 14, 2023",0.004408999811857939,0.004404999781399965,0.004420999903231859,0.004399000201374292,14,0.09080659833091698
"Aug 15, 2023",0.004342000000178814,0.004408000037074089,0.004408999811857939,0.00431300001218915,2,-1.5196147547779426
"Aug 16, 2023",0.004251000005751848,0.004342000000178814,0.004346999805420637,0.004236000124365091,30,-2.0958082547954393
"Aug 17, 2023",0.004002000205218792,0.004251000005751848,0.004251999780535698,0.00392899988219142,2,-5.857440606825337
"Aug 18, 2023",0.003961999900639057,0.004004000220447779,0.0040350002236664295,0.00392200006172061,64,-0.9995078093092746
"Aug 19, 2023",0.003980000037699938,0.003963000141084194,0.004017999861389399,0.003932000137865543,4,0.4543194727990141
"Aug 20, 2023",0.003973000217229128,0.003980000037699938,0.0039969999343156815,0.003955999854952097,6,-0.17587488453530975
"Aug 21, 2023",0.0038560000248253345,0.003973000217229128,0.003973000217229128,0.0037990000564604998,99,-2.9448826077687063
"Aug 22, 2023",0.0038590000476688147,0.0038509999867528677,0.0038870000280439854,0.0037350000347942114,43,0.07780142178852589
"Aug 23, 2023",0.003963999915868044,0.0038610000628978014,0.004002000205218792,0.0038610000628978014,5,2.7209087043846614
"Aug 24, 2023",0.004005999770015478,0.003963999915868044,0.004038999788463116,0.00395399983972311,11,1.0595321654601308
"Aug 25, 2023",0.004002000205218792,0.004005999770015478,0.004009999800473452,0.0039809998124837875,1,-0.0998393666076236
"Aug 26, 2023",0.003971000202000141,0.004002000205218792,0.004009999800473452,0.003969000186771154,112,-0.7746127343578157
"Aug 27, 2023",0.003949000034481287,0.003971000202000141,0.0039980001747608185,0.00394799979403615,757,-0.5540208108721023
"Aug 28, 2023",0.003955000080168247,0.003949999809265137,0.003965000156313181,0.003900999901816249,31,0.1519383548890918
"Aug 29, 2023",0.004052999895066023,0.003955000080168247,0.004172000102698803,0.003877999959513545,663,2.4778713757600324
"Aug 30, 2023",0.004009999800473452,0.00405499991029501,0.004058999940752983,0.004009999800473452,0,-1.0609448730782844
"Aug 31, 2023",0.0038010000716894865,0.004009999800473452,0.004031999967992306,0.0037799999117851257,1076,-5.211963570653766
"Sep 01, 2023",0.0037400000728666782,0.0038010000716894865,0.003823000006377697,0.0037070000544190407,214,-1.6048407701211853
"Sep 02, 2023",0.003759999992325902,0.0037400000728666782,0.0037700000684708357,0.003739000065252185,0,0.5347571943733698
"Sep 03, 2023",0.003785999957472086,0.003759999992325902,0.003797000041231513,0.0037400000728666782,603,0.691488436150256
"Sep 04, 2023",0.0037869999650865793,0.0037849999498575926,0.00380899989977479,0.0037529999390244484,374,0.026413302317118692
"Sep 05, 2023",0.003773000091314316,0.003785999957472086,0.003794000018388033,0.0037670000456273556,25,-0.36968243732062867
"Sep 06, 2023",0.0037799999117851257,0.003773000091314316,0.00381799996830523,0.003734000027179718,55,0.1855239942061937
"Sep 07, 2023",0.003782999934628606,0.0037799999117851257,0.0037930000107735395,0.0037320000119507313,449,0.07936568554212098
"Sep 08, 2023",0.0037410000804811716,0.0037819999270141125,0.0038079998921602964,0.0037249999586492777,22,-1.1102261399208224
"Sep 09, 2023",0.003719999920576811,0.0037410000804811716,0.003742000088095665,0.003719999920576811,236,-0.5613514956583354
"Sep 10, 2023",0.003693999955430627,0.003719999920576811,0.003719999920576811,0.0036810000892728567,0,-0.6989238091745009
"Sep 11, 2023",0.0035699999425560236,0.003693999955430627,0.003693999955430627,0.0035409999545663595,96,-3.3567951914105554
"Sep 12, 2023",0.003684000112116337,0.003570999950170517,0.003705000039190054,0.00355600006878376,0,3.193282111895268
"Sep 13, 2023",0.0036810000892728567,0.003684000112116337,0.0036909999325871468,0.003659999929368496,104,-0.08143384235015372
"Sep 14, 2023",0.0036750000435858965,0.0036810000892728567,0.003719999920576811,0.0036589999217540026,9,-0.16300042220714905
"Sep 15, 2023",0.0037090000696480274,0.0036750000435858965,0.003719999920576811,0.003656999906525016,1,0.9251707662282227
"Sep 16, 2023",0.0037120000924915075,0.0037070000544190407,0.0037150001153349876,0.0036959999706596136,124,0.08088494977473992
"Sep 17, 2023",0.0037400000728666782,0.0037120000924915075,0.0037400000728666782,0.0036909999325871468,20,0.7543097973463864
"Sep 18, 2023",0.0037330000195652246,0.003739000065252185,0.003831000067293644,0.0037219999358057976,1168,-0.18716719692702943
"Sep 19, 2023",0.0037529999390244484,0.0037330000195652246,0.003794000018388033,0.0037249999586492777,6,0.5357599612751507
"Sep 20, 2023",0.0037070000544190407,0.0037529999390244484,0.0037529999390244484,0.0036959999706596136,66,-1.2256830629569615
"Sep 21, 2023",0.0036410000175237656,0.0037070000544190407,0.003717999905347824,0.0036249998956918716,0,-1.7804163994170397
"Sep 22, 2023",0.0036090000066906214,0.0036410000175237656,0.0036520001012831926,0.003596999915316701,562,-0.8788797220305233
"Sep 23, 2023",0.0036039999686181545,0.0036090000066906214,0.0036170000676065683,0.0035929998848587275,0,-0.13854358723185412
"Sep 24, 2023",0.0035510000307112932,0.0036039999686181545,0.0036039999686181545,0.003539999946951866,131,-1.470586525204176
"Sep 25, 2023",0.0035830000415444374,0.0035500000230968,0.003590000094845891,0.003544999985024333,24,0.901154901616108
"Sep 26, 2023",0.003619000082835555,0.0035830000415444374,0.003619000082835555,0.0035830000415444374,62,1.004745768174753
"Sep 27, 2023",0.003573999973013997,0.0036180000752210617,0.0036730000283569098,0.0035510000307112932,538,-1.2434404197719573
"Sep 28, 2023",0.0036230001132935286,0.003573999973013997,0.003653000108897686,0.0035669999197125435,42,1.3710168060860228
"Sep 29, 2023",0.003625999903306365,0.0036230001132935286,0.0036609999369829893,0.0036140000447630882,5,0.08279850728762916
"Sep 30, 2023",0.0036239998880773783,0.003625999903306365,0.0036510000936686993,0.003613000037148595,95,-0.05515761947932907
"Oct 01, 2023",0.0036899999249726534,0.0036239998880773783,0.0037060000468045473,0.0036120000295341015,141,1.8211931273069082
"Oct 02, 2023",0.0036329999566078186,0.0036899999249726534,0.0037169998977333307,0.0036120000295341015,15,-1.5447146212410057
"Oct 03, 2023",0.0036120000295341015,0.0036329999566078186,0.0036490000784397125,0.0035989999305456877,16,-0.5780326816553272
"Oct 04, 2023",0.0036120000295341015,0.0036120000295341015,0.0036120000295341015,0.0036120000295341015,0,0.0
"Oct 05, 2023",0.0035409999545663595,0.0036120000295341015,0.0036120000295341015,0.003536999924108386,438,-1.965672048372047
"Oct 06, 2023",0.003576999995857477,0.0035409999545663595,0.003590000094845891,0.003524000057950616,74,1.016663139029217
"Oct 07, 2023",0.003575999988242984,0.003576999995857477,0.003576999995857477,0.003575999988242984,0,-0.02795660094077057
"Oct 08, 2023",0.003539999946951866,0.003575999988242984,0.003575999988242984,0.0035170000046491623,18,-1.0067125673791089
"Oct 09, 2023",0.0034680000972002745,0.003539999946951866,0.0035510000307112932,0.0034580000210553408,0,-2.033894091258037
"Oct 10, 2023",0.003490000031888485,0.0034680000972002745,0.003507999936118722,0.003456000005826354,35,0.6343694945675216
"Oct 11, 2023",0.003452999982982874,0.003490000031888485,0.0034920000471174717,0.0034280000254511833,26,-1.0601733113907663
"Oct 12, 2023",0.003379999892786145,0.0034519999753683805,0.003456000005826354,0.0033480001147836447,1159,-2.1141063005064797
"Oct 13, 2023",0.003379999892786145,0.0033809999004006386,0.0033809999004006386,0.003379999892786145,0,0.0
"Oct 14, 2023",0.0033629999961704016,0.003379999892786145,0.003379999892786145,0.003350999904796481,122,-0.5029555371296346
"Oct 15, 2023",0.0033629999961704016,0.0033629999961704016,0.0033629999961704016,0.0033629999961704016,0,0.0
"Oct 16, 2023",0.003350999904796481,0.0033629999961704016,0.0033629999961704016,0.003350999904796481,0,-0.3568269814922864
"Oct 17, 2023",0.0034439999144524336,0.003350999904796481,0.003444999922066927,0.003350999904796481,2,2.775291324921736
"Oct 18, 2023",0.0034209999721497297,0.0034439999144524336,0.0034759999252855778,0.0034149999264627695,76,-0.6678264481420726
"Oct 19, 2023",0.0034310000482946634,0.0034209999721497297,0.003469000104814768,0.003406000090762973,19,0.2923144176072423
"Oct 20, 2023",0.0034260000102221966,0.0034310000482946634,0.0035149999894201756,0.00342399999499321,0,-0.14573121544990686
"Oct 21, 2023",0.0034829999785870314,0.0034260000102221966,0.0035069999285042286,0.0034260000102221966,91,1.6637468825091428
"Oct 22, 2023",0.003548000007867813,0.0034829999785870314,0.0035500000230968,0.003464000066742301,92,1.8662081447140988
"Oct 23, 2023",0.003720999928191304,0.00355900009162724,0.0037529999390244484,0.00355600006878376,5,4.875984214764872
"Oct 24, 2023",0.0036639999598264694,0.003720999928191304,0.003865000093355775,0.0036239998880773783,17,-1.5318454572650686
"Oct 25, 2023",0.0038389998953789473,0.003664999967440963,0.0038389998953789473,0.003664999967440963,0,4.776199166791639
"Oct 26, 2023",0.003639000002294779,0.0038389998953789473,0.0038389998953789473,0.0035830000415444374,71,-5.209687380427153
"Oct 27, 2023",0.003656999906525016,0.003640000009909272,0.003754999954253435,0.0035910001024603844,38,0.4946387529235041
"Oct 28, 2023",0.0036780000664293766,0.003657999914139509,0.003713000100106001,0.003639000002294779,0,0.574245568529852
"Oct 29, 2023",0.003700000001117587,0.0036780000664293766,0.0037159998901188374,0.0036510000936686993,52,0.598149382568347
"Oct 30, 2023",0.0037159998901188374,0.0037010000087320805,0.003727999981492758,0.003664999967440963,31,0.4324294323356126
"Oct 31, 2023",0.0035719999577850103,0.0037159998901188374,0.0037380000576376915,0.0035379999317228794,1897,-3.8751328469286306
"Nov 01, 2023",0.0035959999077022076,0.003570999950170517,0.0036140000447630882,0.0035210000351071358,8,0.6718911030469288
"Nov 02, 2023",0.0036559998989105225,0.003596999915316701,0.0036720000207424164,0.003522000042721629,7,1.668520376760907
"Nov 03, 2023",0.003633999964222312,0.0036559998989105225,0.003662999952211976,0.003567999927327037,26,-0.601748777256983
"Nov 04, 2023",0.0035860000643879175,0.003633999964222312,0.003633999964222312,0.0035860000643879175,0,-1.3208558147211336
"Nov 05, 2023",0.003868000116199255,0.0035860000643879175,0.0038870000280439854,0.0035860000643879175,323,7.863916529501536
"Nov 06, 2023",0.004031999967992306,0.0038660001009702682,0.004040999803692102,0.003831000067293644,37,4.239913310917864
"Nov 07, 2023",0.003897000104188919,0.004031999967992306,0.004042999818921089,0.003836000105366111,13,-3.3482109344015853
"Nov 08, 2023",0.0039079999551177025,0.003897000104188919,0.003971999976783991,0.0038689998909831047,37,0.282264578770719
"Nov 09, 2023",0.003976000007241964,0.0039029999170452356,0.004040999803692102,0.003845999948680401,25,1.7400218245963162
"Nov 10, 2023",0.003971999976783991,0.003976000007241964,0.00407399982213974,0.003930999897420406,30,-0.10060438759275092
"Nov 11, 2023",0.003984999842941761,0.003971000202000141,0.0040420000441372395,0.0038980001118034124,123,0.32728766953054045
"Nov 12, 2023",0.004009999800473452,0.003984000068157911,0.004009999800473452,0.0038930000737309456,0,0.6273515311668199
"Nov 13, 2023",0.0038129999302327633,0.004009999800473452,0.004009999800473452,0.00380899989977479,585,-4.912715213038887
"Nov 14, 2023",0.0038219999987632036,0.003809999907389283,0.003916999790817499,0.003719999920576811,212,0.2360364200135523
"Nov 15, 2023",0.004004999995231628,0.0038219999987632036,0.004011000040918589,0.0038209999911487103,11,4.788068982931537
"Nov 16, 2023",0.003819999983534217,0.004004000220447779,0.0040339999832212925,0.0037879999727010727,102,-4.619226265110443
"Nov 17, 2023",0.0038429999258369207,0.003819999983534217,0.0038709999062120914,0.0037529999390244484,159,0.6020927330325332
"Nov 18, 2023",0.0038530000019818544,0.0038449999410659075,0.0038580000400543213,0.003751999931409955,95,0.2602153613821878
"Nov 19, 2023",0.0038789999671280384,0.0038530000019818544,0.0038840000052005053,0.00381199992261827,10,0.6747979530965509
"Nov 20, 2023",0.0039889998733997345,0.0038789999671280384,0.0040699997916817665,0.0038530000019818544,18,2.835780025879675
"Nov 21, 2023",0.0035520000383257866,0.0039889998733997345,0.00420599989593029,0.0035280000884085894,39,-10.955122811310169
"Nov 22, 2023",0.0035600000992417336,0.003548000007867813,0.003745000110939145,0.0035470000002533197,0,0.2252269377710281
"Nov 23, 2023",0.0035600000992417336,0.0035600000992417336,0.0035600000992417336,0.0035600000992417336,0,0.0
"Nov 24, 2023",0.003662999952211976,0.0035600000992417336,0.0037150001153349876,0.0035600000992417336,4,2.8932542162619868
"Nov 25, 2023",0.00368599989451468,0.0036619999445974827,0.0037070000544190407,0.003657999914139509,10,0.6278990609545287
"Nov 26, 2023",0.003647000063210726,0.0036869999021291733,0.0036879999097436666,0.0035989999305456877,9,-1.0580529685307871
"Nov 27, 2023",0.0035719999577850103,0.003645000047981739,0.003659999929368496,0.003502999898046255,41,-2.056487637120774
"Nov 28, 2023",0.0035500000230968,0.0035729999653995037,0.003599999938160181,0.0035280000884085894,0,-0.6158996346084078
"Nov 29, 2023",0.00356599991209805,0.0035500000230968,0.003576999995857477,0.0035500000230968,103,0.45070109569445016
"Nov 30, 2023",0.003573999973013997,0.0035669999197125435,0.003594999900087714,0.0035490000154823065,11,0.22434271209053058
"Dec 01, 2023",0.003587000072002411,0.003573999973013997,0.0036090000066906214,0.00356599991209805,19,0.363740880989738
"Dec 02, 2023",0.0036009999457746744,0.003587000072002411,0.003616000059992075,0.003561000106856227,147,0.3902947725464623
"Dec 03, 2023",0.0035880000796169043,0.0036009999457746744,0.003642000025138259,0.00355900009162724,137,-0.36100711895382664
"Dec 04, 2023",0.0036689999978989363,0.003587000072002411,0.003725999966263771,0.0035699999425560236,85,2.257522755982788
"Dec 05, 2023",0.003640000009909272,0.0036700000055134296,0.00369199994020164,0.0035910001024603844,40,-0.7904057783120977
"Dec 06, 2023",0.0036100000143051147,0.003640000009909272,0.0036929999478161335,0.003607999999076128,15,-0.8241757011672401
"Dec 07, 2023",0.0036180000752210617,0.003611000021919608,0.003645000047981739,0.0035749999806284904,883,0.22160833474365038
"Dec 08, 2023",0.0036180000752210617,0.0036170000676065683,0.00367900007404387,0.003590000094845891,1345,0.0
"Dec 09, 2023",0.0035910001024603844,0.0036180000752210617,0.0037120000924915075,0.003579000011086464,96,-0.7462678883174867
"Dec 10, 2023",0.0036170000676065683,0.0035920001100748777,0.003648000070825219,0.003587000072002411,72,0.7240313117331754
"Dec 11, 2023",0.0037249999586492777,0.0036180000752210617,0.0037299999967217445,0.0034749999176710844,114,2.985896848881575
"Dec 12, 2023",0.003292999928817153,0.0037249999586492777,0.0038399999029934406,0.003249000059440732,8338,-11.597316365844268
"Dec 13, 2023",0.0032679999712854624,0.003286000108346343,0.0033130000811070204,0.0031659998930990696,259,-0.7591848792013356
"Dec 14, 2023",0.003280000062659383,0.003266999963670969,0.0032870001159608364,0.003217000048607588,56,0.36719986166953156
"Dec 15, 2023",0.0031709999311715364,0.003280000062659383,0.003280000062659383,0.0031530000269412994,44,-3.3231746769989523
"Dec 16, 2023",0.003163000103086233,0.0031709999311715364,0.0032099999953061342,0.0031479999888688326,33,-0.2522809290111727
"Dec 17, 2023",0.003094000043347478,0.0031640001107007265,0.0031640001107007265,0.003089000005275011,108,-2.1814751024329615
"Dec 18, 2023",0.003123000031337142,0.003092000028118491,0.003123000031337142,0.0030010000336915255,35,0.9372975948083173
"Dec 19, 2023",0.003246000036597252,0.003123000031337142,0.0032850001007318497,0.0031220000237226486,780,3.93852078212904
"Dec 20, 2023",0.003309000050649047,0.003246000036597252,0.0033539999276399612,0.003217000048607588,136,1.9408506882777843
"Dec 21, 2023",0.0034920000471174717,0.003309000050649047,0.0034920000471174717,0.003309000050649047,13,5.530371522131894
"Dec 22, 2023",0.003478999948129058,0.0034920000471174717,0.003531999886035919,0.0034620000515133142,579,-0.3722823256873897
"Dec 23, 2023",0.003425000002607703,0.003478999948129058,0.003490000031888485,0.0033939999993890524,759,-1.5521686210543062
"Dec 24, 2023",0.0033680000342428684,0.0034229999873787165,0.00343999988399446,0.003364000003784895,32,-1.6642326517207762
"Dec 25, 2023",0.0033499998971819878,0.0033680000342428684,0.0033680000342428684,0.003346000099554658,250,-0.5344458692954634
"Dec 26, 2023",0.0037430000957101583,0.0033499998971819878,0.0038079998921602964,0.0033499998971819878,206,11.731349569854066
"Dec 27, 2023",0.004031000193208456,0.0037430000957101583,0.004031000193208456,0.0035979999229311943,712,7.694365218648369
"Dec 28, 2023",0.00406000018119812,0.004031000193208456,0.00406000018119812,0.004031000193208456,36,0.7194241279999014
"Dec 29, 2023",0.003897000104188919,0.00406000018119812,0.00406000018119812,0.003897000104188919,251,-4.014780042721555
"Dec 30, 2023",0.003926000092178583,0.003897000104188919,0.003926000092178583,0.003897000104188919,833,0.7441618479427703
"Dec 31, 2023",0.0039450000040233135,0.003926000092178583,0.004009999800473452,0.003926000092178583,1735,0.48395087617501
"Jan 01, 2024",0.003869999898597598,0.0039450000040233135,0.0039450000040233135,0.003869999898597598,74,-1.901143354859991
"Jan 02, 2024",0.0038930000737309456,0.003869999898597598,0.003986000083386898,0.003865000093355775,94,0.5943197864600069
"Jan 03, 2024",0.0039369999431073666,0.0038930000737309456,0.003944000229239464,0.0038930000737309456,121,1.1302303761389965
"Jan 04, 2024",0.003984999842941761,0.0039369999431073666,0.004007000010460615,0.0039369999431073666,21,1.2191999118117636
"Jan 05, 2024",0.0040339999832212925,0.003984999842941761,0.0040339999832212925,0.003984999842941761,65,1.2296146100562844
"Jan 06, 2024",0.0038079998921602964,0.0040339999832212925,0.0040339999832212925,0.0038079998921602964,99,-5.60238205257817
"Jan 07, 2024",0.0038079998921602964,0.0038079998921602964,0.0038079998921602964,0.0038079998921602964,0,0.0
"Jan 08, 2024",0.003773000091314316,0.0038079998921602964,0.0038079998921602964,0.00368899991735816,53,-0.9191124432024411
"Jan 09, 2024",0.0037159998901188374,0.003773000091314316,0.0037930000107735395,0.0037159998901188374,38,-1.5107394597391188
"Jan 10, 2024",0.0038270000368356705,0.0037159998901188374,0.0038270000368356705,0.003700000001117587,86,2.987086921396087
"Jan 11, 2024",0.0038330000825226307,0.0038270000368356705,0.0038330000825226307,0.0038270000368356705,50,0.15678196052282267
"Jan 12, 2024",0.003664999967440963,0.0038330000825226307,0.003900999901816249,0.003664999967440963,463,-4.382992733230029
"Jan 13, 2024",0.003664999967440963,0.003664999967440963,0.003664999967440963,0.003664999967440963,0,0.0
"Jan 14, 2024",0.0037539999466389418,0.003664999967440963,0.003766000038012862,0.003664999967440963,21,2.428375988775855
"Jan 15, 2024",0.003894000081345439,0.0037539999466389418,0.003916999790817499,0.0037539999466389418,8,3.7293589956452378
"Jan 16, 2024",0.003916999790817499,0.003894000081345439,0.003938999958336353,0.003894000081345439,37,0.590644812316321
"Jan 17, 2024",0.003771000076085329,0.003916999790817499,0.003916999790817499,0.003771000076085329,450,-3.7273352700817775
"Jan 18, 2024",0.0037799999117851257,0.003771000076085329,0.0037799999117851257,0.003771000076085329,20,0.2386591227316881
"Jan 19, 2024",0.0038530000019818544,0.0037799999117851257,0.0038530000019818544,0.0037799999117851257,22,1.9312193624431595
"Jan 20, 2024",0.0038389998953789473,0.0038530000019818544,0.0038530000019818544,0.0038389998953789473,5,-0.3633559978122536
"Jan 21, 2024",0.00011700000322889537,0.0038389998953789473,0.00419900007545948,0.0,65,-96.9523311691222
"Jan 22, 2024",0.0011390000581741333,0.00011700000322889537,0.01586800068616867,0.00011700000322889537,50,873.5042963595712
"Jan 23, 2024",0.0003530000103637576,0.0011390000581741333,0.004342000000178814,7.999999979801942e-06,16,-69.00790234114369
"Jan 24, 2024",0.0003530000103637576,0.0003530000103637576,0.0003530000103637576,0.0003530000103637576,0,0.0
"Jan 25, 2024",0.0003530000103637576,0.0003530000103637576,0.0003530000103637576,0.0003530000103637576,0,0.0
"Jan 26, 2024",0.0012679999927058816,0.0003530000103637576,0.017165999859571457,0.0003530000103637576,18,259.2067862545498
"Jan 27, 2024",0.0002680000034160912,0.0012679999927058816,0.0012679999927058816,3.600000127335079e-05,59,-78.86435292131307
"Jan 28, 2024",0.0002730000123847276,0.0002680000034160912,0.0002730000123847276,0.0001829999964684248,8,1.8656749645161286
"Jan 29, 2024",8.499999967170879e-05,0.0002730000123847276,0.0002730000123847276,4.70000013592653e-05,21,-68.86447039719478
"Jan 30, 2024",0.0002800000074785203,8.499999967170879e-05,0.0003110000106971711,8.499999967170879e-05,20,229.41177477641196
"Jan 31, 2024",0.00018000000272877514,0.0002800000074785203,0.0002800000074785203,0.00018000000272877514,6,-35.71428645673035
"Feb 01, 2024",0.00012099999730708078,0.00018000000272877514,0.00018000000272877514,0.00012099999730708078,7,-32.77778029292359
"Feb 02, 2024",9.40000027185306e-05,0.00012099999730708078,0.00021300000662449747,7.899999764049426e-05,13,-22.31404561111521
"Feb 03, 2024",2.5999999706982635e-05,9.40000027185306e-05,0.00015300000086426735,9.999999974752427e-07,22,-72.34042664356524
"Feb 04, 2024",3.7999998312443495e-05,2.5999999706982635e-05,4.3000000005122274e-05,2.5999999706982635e-05,10,46.15384131038318
"Feb 05, 2024",3.7999998312443495e-05,3.7999998312443495e-05,3.7999998312443495e-05,3.7999998312443495e-05,0,0.0
"Feb 06, 2024",1.8999999156221747e-05,3.7999998312443495e-05,3.7999998312443495e-05,9.000000318337698e-06,5,-50.0
"Feb 07, 2024",0.0001449999981559813,1.8999999156221747e-05,0.0001449999981559813,1.8999999156221747e-05,14,663.1579189228519
"Feb 08, 2024",6.0999998822808266e-05,0.0001449999981559813,0.0001449999981559813,6.0999998822808266e-05,3,-57.93103475960838
"Feb 09, 2024",6.0999998822808266e-05,6.0999998822808266e-05,6.0999998822808266e-05,6.0999998822808266e-05,0,0.0
"Feb 10, 2024",6.0999998822808266e-05,6.0999998822808266e-05,6.0999998822808266e-05,6.0999998822808266e-05,0,0.0
"Feb 11, 2024",8.199999865610152e-05,6.0999998822808266e-05,0.0001140000022132881,5.2999999752501026e-05,12,34.42622989927211
"Feb 12, 2024",8.199999865610152e-05,8.199999865610152e-05,8.199999865610152e-05,8.199999865610152e-05,0,0.0
"Feb 13, 2024",8.199999865610152e-05,8.199999865610152e-05,8.199999865610152e-05,8.199999865610152e-05,0,0.0
"Feb 14, 2024",8.199999865610152e-05,8.199999865610152e-05,8.199999865610152e-05,8.199999865610152e-05,0,0.0
"Feb 15, 2024",0.00013099999341648072,8.199999865610152e-05,0.0003440000000409782,8.199999865610152e-05,36,59.75609215053708
"Feb 16, 2024",5.500000042957254e-05,0.00013099999341648072,0.00026599998818710446,5.500000042957254e-05,23,-58.015264737675054
"Feb 17, 2024",3.199999991920777e-05,5.500000042957254e-05,5.500000042957254e-05,3.199999991920777e-05,2,-41.81818241950063
"Feb 18, 2024",3.300000025774352e-05,3.199999991920777e-05,3.300000025774352e-05,3.199999991920777e-05,0,3.1250010658141036
"Feb 19, 2024",3.300000025774352e-05,3.300000025774352e-05,3.300000025774352e-05,3.300000025774352e-05,0,0.0
"Feb 20, 2024",3.199999991920777e-05,3.300000025774352e-05,9.500000305706635e-05,3.199999991920777e-05,21,-3.030304032501041
"Feb 21, 2024",3.199999991920777e-05,3.199999991920777e-05,3.199999991920777e-05,3.199999991920777e-05,0,0.0
"Feb 22, 2024",3.199999991920777e-05,3.199999991920777e-05,3.199999991920777e-05,3.199999991920777e-05,0,0.0
"Feb 23, 2024",3.600000127335079e-05,3.199999991920777e-05,3.600000127335079e-05,3.199999991920777e-05,1,12.500004263256415
"Feb 24, 2024",9.999999747378752e-05,3.600000127335079e-05,9.999999747378752e-05,2.2000000171829015e-05,7,177.77776093528388
"Feb 25, 2024",0.00015799999528098851,9.999999747378752e-05,0.00021699999342672527,9.999999747378752e-05,26,57.999999272404224
"Feb 26, 2024",9.7999996796716e-05,0.00015799999528098851,0.00015799999528098851,9.7999996796716e-05,1,-37.9746837191786
"Feb 27, 2024",9.7999996796716e-05,9.7999996796716e-05,9.7999996796716e-05,9.7999996796716e-05,0,0.0
"Feb 28, 2024",9.7999996796716e-05,9.7999996796716e-05,9.7999996796716e-05,9.7999996796716e-05,0,0.0
"Feb 29, 2024",9.999999747378752e-05,9.7999996796716e-05,9.999999747378752e-05,9.7999996796716e-05,1,2.040817084127222
"Mar 01, 2024",0.00012199999764561653,9.999999747378752e-05,0.00012199999764561653,9.999999747378752e-05,1,22.000000727595783
"Mar 02, 2024",0.00011300000187475234,0.00012199999764561653,0.00012199999764561653,0.00011300000187475234,2,-7.377045856186992
"Mar 03, 2024",0.00011300000187475234,0.00011300000187475234,0.00011300000187475234,0.00011300000187475234,0,0.0
"Mar 04, 2024",0.00010399999882793054,0.00011300000187475234,0.00011300000187475234,0.00010399999882793054,1,-7.964604334075398
"Mar 05, 2024",0.00010399999882793054,0.00010399999882793054,0.00010399999882793054,0.00010399999882793054,0,0.0
"Mar 06, 2024",0.0001250000059371814,0.00010399999882793054,0.0001250000059371814,0.00010399999882793054,1,20.192314755691186
"Mar 07, 2024",0.0003549999964889139,0.0001250000059371814,0.0003549999964889139,0.0001250000059371814,16,183.99998370185574
"Mar 08, 2024",0.00021600000036414713,0.0003549999964889139,0.0003549999964889139,0.00021600000036414713,7,-39.15492887310705
"Mar 09, 2024",0.00019500000053085387,0.00021600000036414713,0.00021600000036414713,0.0001900000061141327,1,-9.722222128652813
"Mar 10, 2024",0.00016399999731220305,0.00019500000053085387,0.00019500000053085387,0.00016399999731220305,3,-15.897437504748025
"Mar 11, 2024",0.00016999999934341758,0.00016399999731220305,0.00017600000137463212,0.00016399999731220305,6,3.6585378838710936
"Mar 12, 2024",9.600000339560211e-05,0.00016999999934341758,0.00016999999934341758,9.600000339560211e-05,4,-43.52940954918937
"Mar 13, 2024",0.00012099999730708078,9.600000339560211e-05,0.00012099999730708078,9.600000339560211e-05,7,26.04165940334118
"Mar 14, 2024",0.0003549999964889139,0.00012099999730708078,0.0003549999964889139,0.00012099999730708078,11,193.38843337985736
"Mar 15, 2024",0.0004140000091865659,0.0003549999964889139,0.0004140000091865659,0.0003549999964889139,0,16.619722051037943
"Mar 16, 2024",0.0002629999944474548,0.0004140000091865659,0.00044299999717622995,0.00023400000645779073,19,-36.4734327025254
"Mar 17, 2024",0.00028700000257231295,0.0002629999944474548,0.00040499999886378646,0.0002629999944474548,12,9.125478567130973
"Mar 18, 2024",0.0002579999854788184,0.00028700000257231295,0.00028700000257231295,0.00025099999038502574,6,-10.104535482081623
"Mar 19, 2024",0.0004619999963324517,0.0002579999854788184,0.0004619999963324517,0.0002579999854788184,24,79.06977609903063
"Mar 20, 2024",0.0005080000264570117,0.0004619999963324517,0.000590000010561198,0.0004250000056345016,19,9.956716556218058
"Mar 21, 2024",0.00028199999360367656,0.0005080000264570117,0.000539999979082495,0.00028199999360367656,18,-44.48819312659226
"Mar 22, 2024",0.00028199999360367656,0.00028199999360367656,0.00028199999360367656,0.00028199999360367656,0,0.0
"Mar 23, 2024",0.00040499999886378646,0.00028199999360367656,0.00040499999886378646,0.00028199999360367656,6,43.617024131204204
"Mar 24, 2024",0.0003490000090096146,0.00040499999886378646,0.00040499999886378646,0.0003490000090096146,3,-13.827158027476028
"Mar 25, 2024",0.0003490000090096146,0.0003490000090096146,0.0003490000090096146,0.0003490000090096146,0,0.0
"Mar 26, 2024",0.00033999999868683517,0.0003490000090096146,0.0003490000090096146,0.00033999999868683517,1,-2.578799452848002
"Mar 27, 2024",0.00033999999868683517,0.00033999999868683517,0.00033999999868683517,0.00033999999868683517,0,0.0
"Mar 28, 2024",0.0003220000071451068,0.00033999999868683517,0.00033999999868683517,0.0003220000071451068,2,-5.294115179779069
"Mar 29, 2024",0.0003220000071451068,0.0003220000071451068,0.0003220000071451068,0.0003220000071451068,0,0.0
"Mar 30, 2024",0.0003220000071451068,0.0003220000071451068,0.0003220000071451068,0.0003220000071451068,0,0.0
"Mar 31, 2024",0.0003220000071451068,0.0003220000071451068,0.0003220000071451068,0.0003220000071451068,0,0.0
"Apr 01, 2024",0.0004039999912492931,0.0003220000071451068,0.0004039999912492931,0.0003220000071451068,4,25.46583300764762
"Apr 02, 2024",0.0004039999912492931,0.0004039999912492931,0.0004039999912492931,0.0004039999912492931,0,0.0
"Apr 03, 2024",0.0004039999912492931,0.0004039999912492931,0.0004039999912492931,0.0004039999912492931,0,0.0
"Apr 04, 2024",0.00041000000783242285,0.0004039999912492931,0.00041000000783242285,0.0004039999912492931,1,1.4851526517552172
"Apr 05, 2024",0.00041000000783242285,0.00041000000783242285,0.00041000000783242285,0.00041000000783242285,0,0.0
"Apr 06, 2024",0.00041000000783242285,0.00041000000783242285,0.00041000000783242285,0.00041000000783242285,0,0.0
"Apr 07, 2024",0.0003809999907389283,0.00041000000783242285,0.00041000000783242285,0.0003659999929368496,2,-7.073174765730139
"Apr 08, 2024",0.0004490000137593597,0.0003809999907389283,0.0004490000137593597,0.0003809999907389283,2,17.84777550481016
"Apr 09, 2024",0.0003910000086762011,0.0004490000137593597,0.0004490000137593597,0.0003910000086762011,4,-12.917595391042358
"Apr 10, 2024",0.00030399998649954796,0.0003910000086762011,0.0003910000086762011,0.00030399998649954796,3,-22.250644564230814
"Apr 11, 2024",0.00030399998649954796,0.00030399998649954796,0.00030399998649954796,0.00030399998649954796,0,0.0
"Apr 12, 2024",0.0002610000083222985,0.00030399998649954796,0.0011759999906644225,0.0002610000083222985,174,-14.144730291727614
"Apr 13, 2024",0.00030399998649954796,0.0002610000083222985,0.00030399998649954796,0.0002610000083222985,1,16.475086898905555
"Apr 14, 2024",0.00030399998649954796,0.00030399998649954796,0.00030399998649954796,0.00030399998649954796,0,0.0
"Apr 15, 2024",0.00041099998634308577,0.00030399998649954796,0.00041099998634308577,0.00030399998649954796,4,35.197369932678235
"Apr 16, 2024",0.00041099998634308577,0.00041099998634308577,0.00041099998634308577,0.00041099998634308577,0,0.0
"Apr 17, 2024",0.00041099998634308577,0.00041099998634308577,0.00041099998634308577,0.00041099998634308577,0,0.0
"Apr 18, 2024",0.00030499999411404133,0.00041099998634308577,0.00041099998634308577,0.00030499999411404133,6,-25.790753224152184
"Apr 19, 2024",0.0003549999964889139,0.00030499999411404133,0.0003549999964889139,0.00030499999411404133,1,16.39344371796192
"Apr 20, 2024",0.00039900001138448715,0.0003549999964889139,0.00039900001138448715,0.0003549999964889139,2,12.394370515704312
"Apr 21, 2024",0.0004440000047907233,0.00039900001138448715,0.0004440000047907233,0.00039900001138448715,2,11.278193514353795
"Apr 22, 2024",0.0004440000047907233,0.0004440000047907233,0.0004440000047907233,0.0004440000047907233,0,0.0
"Apr 23, 2024",0.00043799998820759356,0.0004440000047907233,0.0004440000047907233,0.00043799998820759356,4,-1.3513550717094813
"Apr 24, 2024",0.000661000027321279,0.00043799998820759356,0.000661000027321279,0.00043799998820759356,16,50.913252309950494
"Apr 25, 2024",0.0005499999970197678,0.000661000027321279,0.000661000027321279,0.0005499999970197678,7,-16.792742165434092
"Apr 26, 2024",0.00037799999699927866,0.0005499999970197678,0.0005499999970197678,0.00037799999699927866,8,-31.27272744590709
"Apr 27, 2024",0.00037799999699927866,0.00037799999699927866,0.00037799999699927866,0.00037799999699927866,0,0.0
"Apr 28, 2024",0.0003229999856557697,0.00037799999699927866,0.00037799999699927866,0.0003229999856557697,0,-14.550267666698923
"Apr 29, 2024",0.00030300000798888505,0.0003229999856557697,0.0003229999856557697,0.00030300000798888505,1,-6.1919438250994885
"Apr 30, 2024",0.0008999999845400453,0.00030300000798888505,0.0014809999847784638,0.00026599998818710446,269,197.02969003652964
"May 01, 2024",0.0005109999910928309,0.0008999999845400453,0.0008999999845400453,0.0005109999910928309,9,-43.22222223659449
"May 02, 2024",0.0003969999961555004,0.0005109999910928309,0.0005130000063218176,0.0003819999983534217,9,-22.309197049794204
"May 03, 2024",0.00044100001105107367,0.0003969999961555004,0.00044100001105107367,0.0003969999961555004,0,11.083127285053918
"May 04, 2024",0.0003800000122282654,0.00044100001105107367,0.00044100001105107367,0.00032699998700991273,7,-13.832198932925577
"May 05, 2024",0.0003800000122282654,0.0003800000122282654,0.0003800000122282654,0.0003800000122282654,0,0.0
"May 06, 2024",0.0003800000122282654,0.0003800000122282654,0.0003800000122282654,0.0003800000122282654,0,0.0
"May 07, 2024",0.0003800000122282654,0.0003800000122282654,0.0003800000122282654,0.0003800000122282654,0,0.0
"May 08, 2024",0.0003800000122282654,0.0003800000122282654,0.0003800000122282654,0.0003800000122282654,0,0.0
"May 09, 2024",0.0003910000086762011,0.0003800000122282654,0.0003910000086762011,0.0003800000122282654,4,2.8947358141999224
"May 10, 2024",0.00039999998989515007,0.0003910000086762011,0.00039999998989515007,0.0003440000000409782,4,2.30178542691597
"May 11, 2024",0.00044800000614486635,0.00039999998989515007,0.00044800000614486635,0.00039999998989515007,1,12.000004365574668
"May 12, 2024",0.0005300000193528831,0.00044800000614486635,0.0005300000193528831,0.00044800000614486635,3,18.303574125733626
"May 13, 2024",0.0005290000117383897,0.0005300000193528831,0.0005300000193528831,0.0005200000014156103,0,-0.1886806750902248
"May 14, 2024",0.0005290000117383897,0.0005290000117383897,0.0005290000117383897,0.0005290000117383897,0,0.0
"May 15, 2024",0.00047599998652003706,0.0005290000117383897,0.0005290000117383897,0.00047599998652003706,2,-10.01890813653954
"May 16, 2024",0.0003100000030826777,0.00047599998652003706,0.00047599998652003706,0.0003100000030826777,5,-34.873947087889604
"May 17, 2024",0.0001230000052601099,0.0003100000030826777,0.00035700001171790063,0.00011999999696854502,14,-60.322579342908746
"May 18, 2024",0.0002610000083222985,0.0001230000052601099,0.0002610000083222985,0.0001230000052601099,12,112.19511964276587
"May 19, 2024",0.0004299999854993075,0.0002610000083222985,0.0004299999854993075,0.0002610000083222985,15,64.75094704530339
"May 20, 2024",0.0003440000000409782,0.0004299999854993075,0.0004299999854993075,0.0003440000000409782,7,-19.999997292666837
"May 21, 2024",0.0003589999978430569,0.0003440000000409782,0.0003589999978430569,0.0003440000000409782,4,4.360464476829029
"May 22, 2024",0.00029200001154094934,0.0003589999978430569,0.0003589999978430569,0.00029200001154094934,1,-18.66294894280133
"May 23, 2024",0.00029200001154094934,0.00029200001154094934,0.00029200001154094934,0.00029200001154094934,0,0.0
"May 24, 2024",0.00046400001156143844,0.00029200001154094934,0.00046400001156143844,0.00029200001154094934,7,58.904107267943814
"May 25, 2024",0.0004619999963324517,0.00046400001156143844,0.0006900000153109431,0.0004619999963324517,17,-0.4310377541277055
"May 26, 2024",0.00045200000749900937,0.0004619999963324517,0.0004619999963324517,0.0004490000137593597,4,-2.164499764681038
"May 27, 2024",0.0003000000142492354,0.00045200000749900937,0.0005610000225715339,0.0003000000142492354,12,-33.62831653273969
"May 28, 2024",0.0003000000142492354,0.0003000000142492354,0.0003000000142492354,0.0003000000142492354,0,0.0
"May 29, 2024",0.0003000000142492354,0.0003000000142492354,0.0003000000142492354,0.0003000000142492354,0,0.0
"May 30, 2024",0.0003000000142492354,0.0003000000142492354,0.0003000000142492354,0.0003000000142492354,0,0.0
"May 31, 2024",0.0003000000142492354,0.0003000000142492354,0.0003000000142492354,0.0003000000142492354,0,0.0
"Jun 01, 2024",0.0003000000142492354,0.0003000000142492354,0.0003000000142492354,0.0003000000142492354,0,0.0
"Jun 02, 2024",0.0003000000142492354,0.0003000000142492354,0.0003000000142492354,0.0003000000142492354,0,0.0
"Jun 03, 2024",0.0003000000142492354,0.0003000000142492354,0.0003000000142492354,0.0003000000142492354,0,0.0
"Jun 04, 2024",0.0003000000142492354,0.0003000000142492354,0.0003000000142492354,0.0003000000142492354,0,0.0
